DELETE FROM creature_template WHERE entry = '300001';

INSERT INTO creature_template (entry, modelid1, name, subname, IconName, gossip_menu_id, minlevel, maxlevel, Health_mod, Mana_mod, Armor_mod, faction_A, faction_H, npcflag, speed_walk, speed_run, scale, rank, dmg_multiplier, unit_class, unit_flags, type, type_flags, InhabitType, RegenHealth, flags_extra, AiName) VALUES
('300001', '21661', "MMOwning Mini Band", "", '', '50020', 71, 71, 1.56, 1.56, 1.56, 35, 35, 3, 1, 1.14286, 1.25, 1, 1, 1, 2, 7, 138936390, 3, 1, 2, 'SmartAI');

DELETE FROM gossip_menu WHERE entry>'50020'-1 AND entry<'50020'+46;
DELETE FROM npc_text WHERE ID<'300010'+7 AND ID>'300010'-1;

INSERT INTO gossip_menu (entry, text_id) VALUES 
('50020', '300010'),
('50020'+1, '300010'+2),
('50020'+2, '300010'+2),
('50020'+3, '300010'+2),
('50020'+4, '300010'+2),
('50020'+5, '300010'+2),
('50020'+6, '300010'+2),
('50020'+7, '300010'+2),
('50020'+8, '300010'+2),
('50020'+9, '300010'+2),
('50020'+10, '300010'+2),
('50020'+11, '300010'+2),
('50020'+12, '300010'+2),
('50020'+13, '300010'+2),
('50020'+14, '300010'+2),
('50020'+15, '300010'+2),
('50020'+16, '300010'+2),
('50020'+17, '300010'+2),
('50020'+18, '300010'+2),
('50020'+19, '300010'+2),
('50020'+20, '300010'+2),
('50020'+21, '300010'+2),
('50020'+22, '300010'+2),
('50020'+23, '300010'+2),
('50020'+24, '300010'+2),
('50020'+25, '300010'+2),
('50020'+26, '300010'+2),
('50020'+27, '300010'+2),
('50020'+28, '300010'+2),
('50020'+29, '300010'+2),
('50020'+30, '300010'+2),
('50020'+31, '300010'+2),
('50020'+32, '300010'+2),
('50020'+33, '300010'+2),
('50020'+34, '300010'+2),
('50020'+35, '300010'+2),
('50020'+36, '300010'+1),
('50020'+37, '300010'+3),
('50020'+38, '300010'+3),
('50020'+39, '300010'+3),
('50020'+40, '300010'+3),
('50020'+41, '300010'+4),
('50020'+42, '300010'+5),
('50020'+43, '300010'+6),
('50020'+44, '300010'+3),
('50020'+45, '300010'+3);

INSERT INTO npc_text (ID, text0_0, em0_1) VALUES 
('300010'+6, 'Page five$B$B$B Select a song and I will play it.$B$B', 0),
('300010'+5, 'Page four$B$B$B Select a song and I will play it.$B$B', 0),
('300010'+4, 'Page three$B$B$B Select a song and I will play it.$B$B', 0),
('300010'+3, 'Page two$B$B$B Select a song and I will play it.$B$B', 0),
('300010'+2, 'Page one$B$B$B Select a song and I will play it.$B$B', 0),
('300010'+1, 'Main menu two$B$B$B What would you like to  hear $C?$B$B', 0),
('300010', 'Main menu$B$B$B Hello $N. What would you like to  hear?$B$B', 0);

DELETE FROM smart_scripts WHERE entryorguid = '300001';
DELETE FROM gossip_menu_option WHERE menu_id>'50020'-1 AND menu_id<'50020'+46;

INSERT INTO gossip_menu_option (menu_id, id, option_icon, option_text, option_id, npc_option_npcflag, action_menu_id, action_poi_id, box_coded, box_money, box_text) VALUES 
('50020', 1, 8, 'Logo', 1, 1, '50020', 0, 0, 0, 'Sure about the movie?'),
('50020', 2, 8, 'Intro', 1, 1, '50020', 0, 0, 0, 'Sure about the movie?'),
('50020', 3, 8, 'Wrathgate', 1, 1, '50020', 0, 0, 0, 'Sure about the movie?'),
('50020', 4, 8, 'Fall of the Lich King', 1, 1, '50020', 0, 0, 0, 'Sure about the movie?'),
('50020', 5, 3, 'Ulduar', 1, 1, '50020'+1, 0, 0, 0, ''),
('50020', 6, 3, 'Icecrown', 1, 1, '50020'+2, 0, 0, 0, ''),
('50020', 7, 3, 'Argent tournament', 1, 1, '50020'+3, 0, 0, 0, ''),
('50020', 8, 3, 'World events', 1, 1, '50020'+4, 0, 0, 0, ''),
('50020', 9, 3, 'Musical moments', 1, 1, '50020'+5, 0, 0, 0, ''),
('50020', 10, 3, 'City music', 1, 1, '50020'+6, 0, 0, 0, ''),
('50020', 11, 3, 'Zone music', 1, 1, '50020'+7, 0, 0, 0, ''),
('50020', 12, 3, 'Sunwell', 1, 1, '50020'+8, 0, 0, 0, ''),
('50020', 13, 3, 'Stratholme', 1, 1, '50020'+9, 0, 0, 0, ''),
('50020', 14, 3, 'Sholazar Basin', 1, 1, '50020'+10, 0, 0, 0, ''),
('50020', 15, 3, 'Outland general', 1, 1, '50020'+11, 0, 0, 0, ''),
('50020', 16, 3, 'Northrend', 1, 1, '50020'+12, 0, 0, 0, ''),
('50020', 17, 3, 'Naxxramas', 1, 1, '50020'+13, 0, 0, 0, ''),
('50020', 18, 3, 'Karazhan', 1, 1, '50020'+14, 0, 0, 0, ''),
('50020', 19, 7, 'Ping!', 1, 1, '50020', 0, 0, 0, ''),
('50020', 20, 4, 'Next page', 1, 1, '50020'+36, 0, 0, 0, ''),
('50020'+1, 1, 8, 'Zone-UlduarStoneBattleWalk', 1, 1, '50020'+1, 0, 0, 0, 'Sure about the song?'),
('50020'+1, 2, 8, 'Zone-UldarLightningGeneralWalk', 1, 1, '50020'+1, 0, 0, 0, 'Sure about the song?'),
('50020'+1, 3, 8, 'Zone-UldarLightningBattleWalk', 1, 1, '50020'+1, 0, 0, 0, 'Sure about the song?'),
('50020'+1, 4, 8, 'Intro-UldarLightning', 1, 1, '50020'+1, 0, 0, 0, 'Sure about the song?'),
('50020'+1, 5, 8, 'Intro-UldarLightningWatchers', 1, 1, '50020'+1, 0, 0, 0, 'Sure about the song?'),
('50020'+1, 6, 8, 'Zone-UlduarStoneGeneralWalk', 1, 1, '50020'+1, 0, 0, 0, 'Sure about the song?'),
('50020'+1, 7, 8, 'Intro-HallsofStone', 1, 1, '50020'+1, 0, 0, 0, 'Sure about the song?'),
('50020'+1, 8, 8, 'UR_FormationGroundsAction', 1, 1, '50020'+1, 0, 0, 0, 'Sure about the song?'),
('50020'+1, 9, 8, 'UR_IronConcourseAction', 1, 1, '50020'+1, 0, 0, 0, 'Sure about the song?'),
('50020'+1, 10, 8, 'UR_RazorScalesAerieAction', 1, 1, '50020'+1, 0, 0, 0, 'Sure about the song?'),
('50020'+1, 11, 8, 'UR_TheColossalForgeAction', 1, 1, '50020'+1, 0, 0, 0, 'Sure about the song?'),
('50020'+1, 12, 8, 'UR_TheScrapyardAction', 1, 1, '50020'+1, 0, 0, 0, 'Sure about the song?'),
('50020'+1, 13, 4, 'Back..', 1, 1, '50020', 0, 0, 0, ''),
('50020'+2, 1, 8, 'Intro-IcecrownGeneral', 1, 1, '50020'+2, 0, 0, 0, 'Sure about the song?'),
('50020'+2, 2, 8, 'Zone-IcecrownGeneralWalkDay', 1, 1, '50020'+2, 0, 0, 0, 'Sure about the song?'),
('50020'+2, 3, 8, 'Zone-IcecrownGeneralWalkNight', 1, 1, '50020'+2, 0, 0, 0, 'Sure about the song?'),
('50020'+2, 4, 8, 'Event-Bronjahm', 1, 1, '50020'+2, 0, 0, 0, 'Sure about the song?'),
('50020'+2, 5, 8, 'Zone-CrimsonHallWalk', 1, 1, '50020'+2, 0, 0, 0, 'Sure about the song?'),
('50020'+2, 6, 8, 'Zone-ForgeOfSoulsWalk', 1, 1, '50020'+2, 0, 0, 0, 'Sure about the song?'),
('50020'+2, 7, 8, 'Zone-FrostmourneWalk', 1, 1, '50020'+2, 0, 0, 0, 'Sure about the song?'),
('50020'+2, 8, 8, 'Outro-FrozenThrone01', 1, 1, '50020'+2, 0, 0, 0, 'Sure about the song?'),
('50020'+2, 9, 8, 'Zone-FrozenThroneBattleMusic', 1, 1, '50020'+2, 0, 0, 0, 'Sure about the song?'),
('50020'+2, 10, 8, 'Intro-FrozenThrone', 1, 1, '50020'+2, 0, 0, 0, 'Sure about the song?'),
('50020'+2, 11, 8, 'Outro-FrozenThrone02', 1, 1, '50020'+2, 0, 0, 0, 'Sure about the song?'),
('50020'+2, 12, 8, 'Event-Gunships (Looping),,', 1, 1, '50020'+2, 0, 0, 0, 'Sure about the song?'),
('50020'+2, 13, 8, 'Event-Gunships (One-Shot),,', 1, 1, '50020'+2, 0, 0, 0, 'Sure about the song?'),
('50020'+2, 14, 8, 'Event-HallsofReflection2', 1, 1, '50020'+2, 0, 0, 0, 'Sure about the song?'),
('50020'+2, 15, 8, 'Intro-IcecrownSummit', 1, 1, '50020'+2, 0, 0, 0, 'Sure about the song?'),
('50020'+2, 16, 8, 'Intro-IcecrownDungeon', 1, 1, '50020'+2, 0, 0, 0, 'Sure about the song?'),
('50020'+2, 17, 8, 'Event-HallsofReflection1', 1, 1, '50020'+2, 0, 0, 0, 'Sure about the song?'),
('50020'+2, 18, 8, 'Event-Saurfang', 1, 1, '50020'+2, 0, 0, 0, 'Sure about the song?'),
('50020'+2, 19, 8, 'Zone-IcecrownRaidLightsHammer', 1, 1, '50020'+2, 0, 0, 0, 'Sure about the song?'),
('50020'+2, 20, 8, 'Zone-IcecrownDungeonWalk', 1, 1, '50020'+2, 0, 0, 0, 'Sure about the song?'),
('50020'+2, 21, 8, 'Intro-PitofSaronCave', 1, 1, '50020'+2, 0, 0, 0, 'Sure about the song?'),
('50020'+2, 22, 8, 'Zone-PitofSaronCave', 1, 1, '50020'+2, 0, 0, 0, 'Sure about the song?'),
('50020'+2, 23, 8, 'Zone-SindragosaWalk', 1, 1, '50020'+2, 0, 0, 0, 'Sure about the song?'),
('50020'+2, 24, 4, 'Next page', 1, 1, '50020'+37, 0, 0, 0, ''),
('50020'+2, 25, 4, 'Back..', 1, 1, '50020', 0, 0, 0, ''),
('50020'+3, 1, 8, 'AT_TournamentHerald', 1, 1, '50020'+3, 0, 0, 0, 'Sure about the song?'),
('50020'+3, 2, 8, 'AT_TournamentJoust', 1, 1, '50020'+3, 0, 0, 0, 'Sure about the song?'),
('50020'+3, 3, 8, 'AT_TournamentNightWalk', 1, 1, '50020'+3, 0, 0, 0, 'Sure about the song?'),
('50020'+3, 4, 8, 'AT_TournamentDayWalk', 1, 1, '50020'+3, 0, 0, 0, 'Sure about the song?'),
('50020'+3, 5, 8, 'Zone-ArgentColiseumUniWalk', 1, 1, '50020'+3, 0, 0, 0, 'Sure about the song?'),
('50020'+3, 6, 4, 'Back..', 1, 1, '50020', 0, 0, 0, ''),
('50020'+4, 1, 8, 'Event_DMF_Level70ETC', 1, 1, '50020'+4, 0, 0, 0, 'Sure about the song?'),
('50020'+4, 2, 8, 'Event_BrewFestDwarf01', 1, 1, '50020'+4, 0, 0, 0, 'Sure about the song?'),
('50020'+4, 3, 8, 'Event_BrewfestDwarf02', 1, 1, '50020'+4, 0, 0, 0, 'Sure about the song?'),
('50020'+4, 4, 8, 'Event_BrewfestDwarf03', 1, 1, '50020'+4, 0, 0, 0, 'Sure about the song?'),
('50020'+4, 5, 8, 'Event_BrewFestGoblin01', 1, 1, '50020'+4, 0, 0, 0, 'Sure about the song?'),
('50020'+4, 6, 8, 'Event_BrewfestGoblin02', 1, 1, '50020'+4, 0, 0, 0, 'Sure about the song?'),
('50020'+4, 7, 8, 'Event_BrewfestGoblin03', 1, 1, '50020'+4, 0, 0, 0, 'Sure about the song?'),
('50020'+4, 8, 8, 'Event-MidsummerFireFestival_A', 1, 1, '50020'+4, 0, 0, 0, 'Sure about the song?'),
('50020'+4, 9, 8, 'Darkmoon_Faire_Music', 1, 1, '50020'+4, 0, 0, 0, 'Sure about the song?'),
('50020'+4, 10, 8, 'test - Darkmoon_Faire_Music', 1, 1, '50020'+4, 0, 0, 0, 'Sure about the song?'),
('50020'+4, 11, 8, 'Event-MidsummerFireFestival_H', 1, 1, '50020'+4, 0, 0, 0, 'Sure about the song?'),
('50020'+4, 12, 8, 'Event-GnomereganEvent', 1, 1, '50020'+4, 0, 0, 0, 'Sure about the song?'),
('50020'+4, 13, 8, 'Event-GnomereganEventComplete', 1, 1, '50020'+4, 0, 0, 0, 'Sure about the song?'),
('50020'+4, 14, 8, 'Event-GnomereganEventStart', 1, 1, '50020'+4, 0, 0, 0, 'Sure about the song?'),
('50020'+4, 15, 8, 'Event - ZFBigBattle', 1, 1, '50020'+4, 0, 0, 0, 'Sure about the song?'),
('50020'+4, 16, 8, 'Event - ZFMedBattle', 1, 1, '50020'+4, 0, 0, 0, 'Sure about the song?'),
('50020'+4, 17, 8, 'Event - ZFQuiet', 1, 1, '50020'+4, 0, 0, 0, 'Sure about the song?'),
('50020'+4, 18, 8, 'Event - ZFRally', 1, 1, '50020'+4, 0, 0, 0, 'Sure about the song?'),
('50020'+4, 19, 4, 'Back..', 1, 1, '50020', 0, 0, 0, ''),
('50020'+5, 1, 8, 'Moment - AhnQirajIntro1', 1, 1, '50020'+5, 0, 0, 0, 'Sure about the song?'),
('50020'+5, 2, 8, 'Moment-Magic', 1, 1, '50020'+5, 0, 0, 0, 'Sure about the song?'),
('50020'+5, 3, 8, 'GuldansEntranceTheme', 1, 1, '50020'+5, 0, 0, 0, 'Sure about the song?'),
('50020'+5, 4, 8, 'Trigger-EbonHFinalBattleStart', 1, 1, '50020'+5, 0, 0, 0, 'Sure about the song?'),
('50020'+5, 5, 8, 'Moment - Zul Gurub', 1, 1, '50020'+5, 0, 0, 0, 'Sure about the song?'),
('50020'+5, 6, 8, 'Moment - Battle01', 1, 1, '50020'+5, 0, 0, 0, 'Sure about the song?'),
('50020'+5, 7, 8, 'Moment-Battle02', 1, 1, '50020'+5, 0, 0, 0, 'Sure about the song?'),
('50020'+5, 8, 8, 'Moment - Battle03', 1, 1, '50020'+5, 0, 0, 0, 'Sure about the song?'),
('50020'+5, 9, 8, 'Moment - Battle04', 1, 1, '50020'+5, 0, 0, 0, 'Sure about the song?'),
('50020'+5, 10, 8, 'Moment - Battle05', 1, 1, '50020'+5, 0, 0, 0, 'Sure about the song?'),
('50020'+5, 11, 8, 'Moment - Battle06', 1, 1, '50020'+5, 0, 0, 0, 'Sure about the song?'),
('50020'+5, 12, 8, 'Lament_of_the_Highborne', 1, 1, '50020'+5, 0, 0, 0, 'Sure about the song?'),
('50020'+5, 13, 8, 'GS_BurningCrusade', 1, 1, '50020'+5, 0, 0, 0, 'Sure about the song?'),
('50020'+5, 14, 8, 'GS_LichKing', 1, 1, '50020'+5, 0, 0, 0, 'Sure about the song?'),
('50020'+5, 15, 8, 'GS_Retail', 1, 1, '50020'+5, 0, 0, 0, 'Sure about the song?'),
('50020'+5, 16, 4, 'Back..', 1, 1, '50020', 0, 0, 0, ''),
('50020'+6, 1, 8, 'Zone-Undercity', 1, 1, '50020'+6, 0, 0, 0, 'Sure about the song?'),
('50020'+6, 2, 8, 'Zone - Undercity Intro', 1, 1, '50020'+6, 0, 0, 0, 'Sure about the song?'),
('50020'+6, 3, 8, 'Zone-Thunderbluff Intro', 1, 1, '50020'+6, 0, 0, 0, 'Sure about the song?'),
('50020'+6, 4, 8, 'Zone-Thunderbluff', 1, 1, '50020'+6, 0, 0, 0, 'Sure about the song?'),
('50020'+6, 5, 8, 'Moment-Stormwind01', 1, 1, '50020'+6, 0, 0, 0, 'Sure about the song?'),
('50020'+6, 6, 8, 'Moment-Stormwind02', 1, 1, '50020'+6, 0, 0, 0, 'Sure about the song?'),
('50020'+6, 7, 8, 'Moment-Stormwind03', 1, 1, '50020'+6, 0, 0, 0, 'Sure about the song?'),
('50020'+6, 8, 8, 'Zone-StormwindCave', 1, 1, '50020'+6, 0, 0, 0, 'Sure about the song?'),
('50020'+6, 9, 8, 'Zone-EbonHNewAvalonWalk', 1, 1, '50020'+6, 0, 0, 0, 'Sure about the song?'),
('50020'+6, 10, 8, 'Zone-Stormwind', 1, 1, '50020'+6, 0, 0, 0, 'Sure about the song?'),
('50020'+6, 11, 8, 'Moment-Stormwind07', 1, 1, '50020'+6, 0, 0, 0, 'Sure about the song?'),
('50020'+6, 12, 8, 'Moment-Stormwind08', 1, 1, '50020'+6, 0, 0, 0, 'Sure about the song?'),
('50020'+6, 13, 8, 'Moment-StormwindSouthSeas', 1, 1, '50020'+6, 0, 0, 0, 'Sure about the song?'),
('50020'+6, 14, 8, 'Moment-ValleyofHeros Intro', 1, 1, '50020'+6, 0, 0, 0, 'Sure about the song?'),
('50020'+6, 15, 8, 'Moment-Orgrimmar', 1, 1, '50020'+6, 0, 0, 0, 'Sure about the song?'),
('50020'+6, 16, 8, 'Moment-Orgrimmar01', 1, 1, '50020'+6, 0, 0, 0, 'Sure about the song?'),
('50020'+6, 17, 8, 'Zone Music Day Orgrimmar City', 1, 1, '50020'+6, 0, 0, 0, 'Sure about the song?'),
('50020'+6, 18, 8, 'Moment - Orgrimmar02', 1, 1, '50020'+6, 0, 0, 0, 'Sure about the song?'),
('50020'+6, 19, 8, 'Zone - Orgrimmar02', 1, 1, '50020'+6, 0, 0, 0, 'Sure about the song?'),
('50020'+6, 20, 8, 'Zone-Orgrimmar', 1, 1, '50020'+6, 0, 0, 0, 'Sure about the song?'),
('50020'+6, 21, 8, 'Moment-Orgrimmar Intro', 1, 1, '50020'+6, 0, 0, 0, 'Sure about the song?'),
('50020'+6, 22, 4, 'Next page', 1, 1, '50020'+38, 0, 0, 0, ''),
('50020'+6, 23, 4, 'Back..', 1, 1, '50020', 0, 0, 0, ''),
('50020'+7, 1, 8, 'Zone-Jungle Day', 1, 1, '50020'+7, 0, 0, 0, 'Sure about the song?'),
('50020'+7, 2, 8, 'Zone-Jungle Night', 1, 1, '50020'+7, 0, 0, 0, 'Sure about the song?'),
('50020'+7, 3, 8, 'Zone-Mountain Day', 1, 1, '50020'+7, 0, 0, 0, 'Sure about the song?'),
('50020'+7, 4, 8, 'Zone-Mountain Night', 1, 1, '50020'+7, 0, 0, 0, 'Sure about the song?'),
('50020'+7, 5, 8, 'Zone-Plains Day', 1, 1, '50020'+7, 0, 0, 0, 'Sure about the song?'),
('50020'+7, 6, 8, 'ZonePlains Night', 1, 1, '50020'+7, 0, 0, 0, 'Sure about the song?'),
('50020'+7, 7, 8, 'Zone-Forest Day', 1, 1, '50020'+7, 0, 0, 0, 'Sure about the song?'),
('50020'+7, 8, 8, 'Zone-DarkForest', 1, 1, '50020'+7, 0, 0, 0, 'Sure about the song?'),
('50020'+7, 9, 8, 'Zone-Night Forest', 1, 1, '50020'+7, 0, 0, 0, 'Sure about the song?'),
('50020'+7, 10, 8, 'Zone-EvilForest Day', 1, 1, '50020'+7, 0, 0, 0, 'Sure about the song?'),
('50020'+7, 11, 8, 'Zone-Evil Forest Night', 1, 1, '50020'+7, 0, 0, 0, 'Sure about the song?'),
('50020'+7, 12, 8, 'Zone-EnchantedForest Day', 1, 1, '50020'+7, 0, 0, 0, 'Sure about the song?'),
('50020'+7, 13, 8, 'Zone-EnchantedForest Night', 1, 1, '50020'+7, 0, 0, 0, 'Sure about the song?'),
('50020'+7, 14, 8, 'Zone-Desert Day', 1, 1, '50020'+7, 0, 0, 0, 'Sure about the song?'),
('50020'+7, 15, 8, 'Zone-Desert Cave', 1, 1, '50020'+7, 0, 0, 0, 'Sure about the song?'),
('50020'+7, 16, 8, 'Zone-Desert Night', 1, 1, '50020'+7, 0, 0, 0, 'Sure about the song?'),
('50020'+7, 17, 8, 'Zone-Soggy Night', 1, 1, '50020'+7, 0, 0, 0, 'Sure about the song?'),
('50020'+7, 18, 8, 'Zone-Soggy Day', 1, 1, '50020'+7, 0, 0, 0, 'Sure about the song?'),
('50020'+7, 19, 4, 'Back..', 1, 1, '50020', 0, 0, 0, ''),
('50020'+8, 1, 8, 'Intro-MagistersTerrace', 1, 1, '50020'+8, 0, 0, 0, 'Sure about the song?'),
('50020'+8, 2, 8, 'Zone-MagistersTerraceKaelThas', 1, 1, '50020'+8, 0, 0, 0, 'Sure about the song?'),
('50020'+8, 3, 8, 'Event-SW-KilJaedenDefeat02', 1, 1, '50020'+8, 0, 0, 0, 'Sure about the song?'),
('50020'+8, 4, 8, 'Intro-SunwellPlateau', 1, 1, '50020'+8, 0, 0, 0, 'Sure about the song?'),
('50020'+8, 5, 8, 'Event-SW-KilJaedenDefeat01', 1, 1, '50020'+8, 0, 0, 0, 'Sure about the song?'),
('50020'+8, 6, 8, 'Event-SunwellBombRun', 1, 1, '50020'+8, 0, 0, 0, 'Sure about the song?'),
('50020'+8, 7, 4, 'Back..', 1, 1, '50020', 0, 0, 0, ''),
('50020'+9, 1, 8, 'Intro-StratholmePastAlleyEnd', 1, 1, '50020'+9, 0, 0, 0, 'Sure about the song?'),
('50020'+9, 2, 8, 'Intro-StratholmePastAlleyIntro', 1, 1, '50020'+9, 0, 0, 0, 'Sure about the song?'),
('50020'+9, 3, 8, 'Intro-StratholmePastTownHall', 1, 1, '50020'+9, 0, 0, 0, 'Sure about the song?'),
('50020'+9, 4, 8, 'Zone-StratholmePastIndoorsWalk', 1, 1, '50020'+9, 0, 0, 0, 'Sure about the song?'),
('50020'+9, 5, 8, 'Zone-StratholmePastOutdoorsDay', 1, 1, '50020'+9, 0, 0, 0, 'Sure about the song?'),
('50020'+9, 6, 8, 'Intro-StratholmePastMal\'Ganis', 1, 1, '50020'+9, 0, 0, 0, 'Sure about the song?'),
('50020'+9, 7, 8, 'Intro-StratholmePastOutdoors', 1, 1, '50020'+9, 0, 0, 0, 'Sure about the song?'),
('50020'+9, 8, 8, 'Music_Temp_88', 1, 1, '50020'+9, 0, 0, 0, 'Sure about the song?'),
('50020'+9, 9, 8, 'Zone-StratholmePastOutdoorsNigh', 1, 1, '50020'+9, 0, 0, 0, 'Sure about the song?'),
('50020'+9, 10, 4, 'Back..', 1, 1, '50020', 0, 0, 0, ''),
('50020'+10, 1, 8, 'Zone-Pillartops', 1, 1, '50020'+10, 0, 0, 0, 'Sure about the song?'),
('50020'+10, 2, 8, 'Zone-FireWalk', 1, 1, '50020'+10, 0, 0, 0, 'Sure about the song?'),
('50020'+10, 3, 8, 'Zone-LifeBloodCave', 1, 1, '50020'+10, 0, 0, 0, 'Sure about the song?'),
('50020'+10, 4, 8, 'Zone-MakersTerrace', 1, 1, '50020'+10, 0, 0, 0, 'Sure about the song?'),
('50020'+10, 5, 8, 'Music_Temp_83', 1, 1, '50020'+10, 0, 0, 0, 'Sure about the song?'),
('50020'+10, 6, 8, 'Zone-PathofLife', 1, 1, '50020'+10, 0, 0, 0, 'Sure about the song?'),
('50020'+10, 7, 8, 'Zone-SholazarWalkDay', 1, 1, '50020'+10, 0, 0, 0, 'Sure about the song?'),
('50020'+10, 8, 8, 'Zone-SholazarWalkNight', 1, 1, '50020'+10, 0, 0, 0, 'Sure about the song?'),
('50020'+10, 9, 4, 'Back..', 1, 1, '50020', 0, 0, 0, ''),
('50020'+11, 1, 8, 'Zone-TerokkarAchinounWalk', 1, 1, '50020'+11, 0, 0, 0, 'Sure about the song?'),
('50020'+11, 2, 8, 'Zone-BoneWastesUni', 1, 1, '50020'+11, 0, 0, 0, 'Sure about the song?'),
('50020'+11, 3, 8, 'Zone-Terokkar', 1, 1, '50020'+11, 0, 0, 0, 'Sure about the song?'),
('50020'+11, 4, 8, 'Zone-TerokkarShattrath', 1, 1, '50020'+11, 0, 0, 0, 'Sure about the song?'),
('50020'+11, 5, 8, 'Intro-OL_Broken', 1, 1, '50020'+11, 0, 0, 0, 'Sure about the song?'),
('50020'+11, 6, 8, 'Intro-OutlandMilitaryBattle', 1, 1, '50020'+11, 0, 0, 0, 'Sure about the song?'),
('50020'+11, 7, 8, 'Zone-OutlandActionWalk', 1, 1, '50020'+11, 0, 0, 0, 'Sure about the song?'),
('50020'+11, 8, 8, 'Zone-OutlandsAllianceBase', 1, 1, '50020'+11, 0, 0, 0, 'Sure about the song?'),
('50020'+11, 9, 8, 'Zone-OutlandBloodElfBase', 1, 1, '50020'+11, 0, 0, 0, 'Sure about the song?'),
('50020'+11, 10, 8, 'Intro-OutlandCenarion01', 1, 1, '50020'+11, 0, 0, 0, 'Sure about the song?'),
('50020'+11, 11, 8, 'Intro-OutlandCenarion02', 1, 1, '50020'+11, 0, 0, 0, 'Sure about the song?'),
('50020'+11, 12, 8, 'Zone-OutlandCorruptRetail', 1, 1, '50020'+11, 0, 0, 0, 'Sure about the song?'),
('50020'+11, 13, 8, 'Intro-OutlandCorrupt', 1, 1, '50020'+11, 0, 0, 0, 'Sure about the song?'),
('50020'+11, 14, 8, 'Intro-OutlandCrystal01', 1, 1, '50020'+11, 0, 0, 0, 'Sure about the song?'),
('50020'+11, 15, 8, 'Zone-OutlandDraeneiBase', 1, 1, '50020'+11, 0, 0, 0, 'Sure about the song?'),
('50020'+11, 16, 8, 'Intro-OutlandFelOrc02', 1, 1, '50020'+11, 0, 0, 0, 'Sure about the song?'),
('50020'+11, 17, 8, 'Zone-OutlandsHordeBase', 1, 1, '50020'+11, 0, 0, 0, 'Sure about the song?'),
('50020'+11, 18, 8, 'Zone-ThrallmarWalk', 1, 1, '50020'+11, 0, 0, 0, 'Sure about the song?'),
('50020'+11, 19, 8, 'Intro-OutlandIllidansArmy01', 1, 1, '50020'+11, 0, 0, 0, 'Sure about the song?'),
('50020'+11, 20, 4, 'Back..', 1, 1, '50020', 0, 0, 0, ''),
('50020'+12, 1, 8, 'Zone-NorthrenTroll', 1, 1, '50020'+12, 0, 0, 0, 'Sure about the song?'),
('50020'+12, 2, 8, 'Zone-GundrakTombofAncients', 1, 1, '50020'+12, 0, 0, 0, 'Sure about the song?'),
('50020'+12, 3, 8, 'Zone-TaunkaDay', 1, 1, '50020'+12, 0, 0, 0, 'Sure about the song?'),
('50020'+12, 4, 8, 'Zone-TaunkaNight', 1, 1, '50020'+12, 0, 0, 0, 'Sure about the song?'),
('50020'+12, 5, 8, 'Zone-NorthrenOrcGeneralDay', 1, 1, '50020'+12, 0, 0, 0, 'Sure about the song?'),
('50020'+12, 6, 8, 'Zone-NorthrenOrcGeneralNight', 1, 1, '50020'+12, 0, 0, 0, 'Sure about the song?'),
('50020'+12, 7, 8, 'Zone-NorthrenTransportDay', 1, 1, '50020'+12, 0, 0, 0, 'Sure about the song?'),
('50020'+12, 8, 8, 'Zone-NorthrenTransportNight', 1, 1, '50020'+12, 0, 0, 0, 'Sure about the song?'),
('50020'+12, 9, 8, ' Zone-IronDwarfDay', 1, 1, '50020'+12, 0, 0, 0, 'Sure about the song?'),
('50020'+12, 10, 8, ' Zone-IronDwarfNight', 1, 1, '50020'+12, 0, 0, 0, 'Sure about the song?'),
('50020'+12, 11, 4, 'Back..', 1, 1, '50020', 0, 0, 0, ''),
('50020'+13, 1, 8, 'Zone-NaxxramasAbominationBoss', 1, 1, '50020'+13, 0, 0, 0, 'Sure about the song?'),
('50020'+13, 2, 8, 'Zone-NaxxramasAbomination', 1, 1, '50020'+13, 0, 0, 0, 'Sure about the song?'),
('50020'+13, 3, 8, 'Zone-NaxxramasFrostWyrm', 1, 1, '50020'+13, 0, 0, 0, 'Sure about the song?'),
('50020'+13, 4, 8, 'Zone-NaxxramasKelthuzad', 1, 1, '50020'+13, 0, 0, 0, 'Sure about the song?'),
('50020'+13, 5, 8, 'Zone-NaxxramasPlagueBoss', 1, 1, '50020'+13, 0, 0, 0, 'Sure about the song?'),
('50020'+13, 6, 8, 'Zone-NaxxramasPlague', 1, 1, '50020'+13, 0, 0, 0, 'Sure about the song?'),
('50020'+13, 7, 8, 'Zone-NaxxramasSpiderBoss', 1, 1, '50020'+13, 0, 0, 0, 'Sure about the song?'),
('50020'+13, 8, 8, 'Zone-NaxxramasSpider', 1, 1, '50020'+13, 0, 0, 0, 'Sure about the song?'),
('50020'+13, 9, 8, 'Zone - NaxxramsDeathKnight', 1, 1, '50020'+13, 0, 0, 0, 'Sure about the song?'),
('50020'+13, 10, 8, 'Zone-EbonHDeathsBreachWalk', 1, 1, '50020'+13, 0, 0, 0, 'Sure about the song?'),
('50020'+13, 11, 4, 'Back..', 1, 1, '50020', 0, 0, 0, ''),
('50020'+14, 1, 8, 'Zone-KarazhanBackstageWalk', 1, 1, '50020'+14, 0, 0, 0, 'Sure about the song?'),
('50020'+14, 2, 8, 'Intro-KarazhanFoyerWalk', 1, 1, '50020'+14, 0, 0, 0, 'Sure about the song?'),
('50020'+14, 3, 8, 'Zone-KarazhanFoyerWalk', 1, 1, '50020'+14, 0, 0, 0, 'Sure about the song?'),
('50020'+14, 4, 8, 'Zone-KarazhanGeneralDefault', 1, 1, '50020'+14, 0, 0, 0, 'Sure about the song?'),
('50020'+14, 5, 8, 'Zone-KarazhanSculleryWalk', 1, 1, '50020'+14, 0, 0, 0, 'Sure about the song?'),
('50020'+14, 6, 8, 'Zone-KarazhanLibraryWalk', 1, 1, '50020'+14, 0, 0, 0, 'Sure about the song?'),
('50020'+14, 7, 8, 'Zone-KarazhanMalchezaarWalk', 1, 1, '50020'+14, 0, 0, 0, 'Sure about the song?'),
('50020'+14, 8, 8, 'Zone-KarazhanBallroomBanquetWal', 1, 1, '50020'+14, 0, 0, 0, 'Sure about the song?'),
('50020'+14, 9, 8, 'Zone-KarazhanOperaWalk', 1, 1, '50020'+14, 0, 0, 0, 'Sure about the song?'),
('50020'+14, 10, 8, 'Intro-KarazhanStableWalk', 1, 1, '50020'+14, 0, 0, 0, 'Sure about the song?'),
('50020'+14, 11, 8, 'Zone-KarazhanOutsideWalk', 1, 1, '50020'+14, 0, 0, 0, 'Sure about the song?'),
('50020'+14, 12, 8, 'Zone-KarazhanTowerMastersTerrac', 1, 1, '50020'+14, 0, 0, 0, 'Sure about the song?'),
('50020'+14, 13, 4, 'Back..', 1, 1, '50020', 0, 0, 0, ''),
('50020'+15, 1, 8, 'Zone-GrizzlyHillsDay', 1, 1, '50020'+15, 0, 0, 0, 'Sure about the song?'),
('50020'+15, 2, 8, 'Zone-GrizzlyHillsNight', 1, 1, '50020'+15, 0, 0, 0, 'Sure about the song?'),
('50020'+15, 3, 8, 'Intro-GrizzlyHillsGeneral', 1, 1, '50020'+15, 0, 0, 0, 'Sure about the song?'),
('50020'+15, 4, 8, 'Intro-GrizzlyHillsB', 1, 1, '50020'+15, 0, 0, 0, 'Sure about the song?'),
('50020'+15, 5, 8, 'Zone-GrizzlyHillsDayB', 1, 1, '50020'+15, 0, 0, 0, 'Sure about the song?'),
('50020'+15, 6, 8, 'Zone-GrizzlyHillsDayC', 1, 1, '50020'+15, 0, 0, 0, 'Sure about the song?'),
('50020'+15, 7, 8, 'Zone-GrizzlyHillsNightB', 1, 1, '50020'+15, 0, 0, 0, 'Sure about the song?'),
('50020'+15, 8, 8, 'Zone-GrizzlyHillsNightC', 1, 1, '50020'+15, 0, 0, 0, 'Sure about the song?'),
('50020'+15, 9, 4, 'Back..', 1, 1, '50020'+36, 0, 0, 0, ''),
('50020'+16, 1, 8, 'Zone-EversongDarkWalk', 1, 1, '50020'+16, 0, 0, 0, 'Sure about the song?'),
('50020'+16, 2, 8, 'Zone-GhostlandsEversongDarkWalk', 1, 1, '50020'+16, 0, 0, 0, 'Sure about the song?'),
('50020'+16, 3, 8, 'Zone-GhostlandsDay', 1, 1, '50020'+16, 0, 0, 0, 'Sure about the song?'),
('50020'+16, 4, 8, 'Zone-GhostlandsNight', 1, 1, '50020'+16, 0, 0, 0, 'Sure about the song?'),
('50020'+16, 5, 8, 'Zone-DeatholmeDay', 1, 1, '50020'+16, 0, 0, 0, 'Sure about the song?'),
('50020'+16, 6, 8, 'Zone-DeatholmeNight', 1, 1, '50020'+16, 0, 0, 0, 'Sure about the song?'),
('50020'+16, 7, 8, 'Zone-OutlandBloodElfHostile', 1, 1, '50020'+16, 0, 0, 0, 'Sure about the song?'),
('50020'+16, 8, 8, 'Zone-GhostlandsScenicWalk', 1, 1, '50020'+16, 0, 0, 0, 'Sure about the song?'),
('50020'+16, 9, 8, 'Zone-GhostlandsShalandisWalk', 1, 1, '50020'+16, 0, 0, 0, 'Sure about the song?'),
('50020'+16, 10, 8, 'Zone-Shalandis', 1, 1, '50020'+16, 0, 0, 0, 'Sure about the song?'),
('50020'+16, 11, 4, 'Back..', 1, 1, '50020'+36, 0, 0, 0, ''),
('50020'+17, 1, 8, 'Zone-EversongBuildingsDay', 1, 1, '50020'+17, 0, 0, 0, 'Sure about the song?'),
('50020'+17, 2, 8, 'Zone-EversongBuildingsNight', 1, 1, '50020'+17, 0, 0, 0, 'Sure about the song?'),
('50020'+17, 3, 8, 'Zone-EversongRuinsDay', 1, 1, '50020'+17, 0, 0, 0, 'Sure about the song?'),
('50020'+17, 4, 8, 'Zone-EversongRuinsNight', 1, 1, '50020'+17, 0, 0, 0, 'Sure about the song?'),
('50020'+17, 5, 8, 'Zone-ScorchedGroveDay', 1, 1, '50020'+17, 0, 0, 0, 'Sure about the song?'),
('50020'+17, 6, 8, 'Zone-ScorchedGroveNight', 1, 1, '50020'+17, 0, 0, 0, 'Sure about the song?'),
('50020'+17, 7, 8, 'Zone-SilvermoonDay', 1, 1, '50020'+17, 0, 0, 0, 'Sure about the song?'),
('50020'+17, 8, 8, 'Zone-SilvermoonNight', 1, 1, '50020'+17, 0, 0, 0, 'Sure about the song?'),
('50020'+17, 9, 8, 'Zone-EversongDay', 1, 1, '50020'+17, 0, 0, 0, 'Sure about the song?'),
('50020'+17, 10, 8, 'Zone-SunstriderIsleDay', 1, 1, '50020'+17, 0, 0, 0, 'Sure about the song?'),
('50020'+17, 11, 8, 'Zone-EversongNight', 1, 1, '50020'+17, 0, 0, 0, 'Sure about the song?'),
('50020'+17, 12, 8, 'Zone-SunstriderIsleNight', 1, 1, '50020'+17, 0, 0, 0, 'Sure about the song?'),
('50020'+17, 13, 4, 'Back..', 1, 1, '50020'+36, 0, 0, 0, ''),
('50020'+18, 1, 8, 'Intro--DragonBlightWyrmrest', 1, 1, '50020'+18, 0, 0, 0, 'Sure about the song?'),
('50020'+18, 2, 8, 'Zone-DragonblightDay', 1, 1, '50020'+18, 0, 0, 0, 'Sure about the song?'),
('50020'+18, 3, 8, 'Zone-DragonblightNight', 1, 1, '50020'+18, 0, 0, 0, 'Sure about the song?'),
('50020'+18, 4, 8, 'Zone-DragonBlightWyrmrestDay', 1, 1, '50020'+18, 0, 0, 0, 'Sure about the song?'),
('50020'+18, 5, 8, 'Zone-DragonBlightWyrmrestNight', 1, 1, '50020'+18, 0, 0, 0, 'Sure about the song?'),
('50020'+18, 6, 8, 'Zone-DragonblightTuskarrDay', 1, 1, '50020'+18, 0, 0, 0, 'Sure about the song?'),
('50020'+18, 7, 8, 'Zone-DragonblightTuskarrNight', 1, 1, '50020'+18, 0, 0, 0, 'Sure about the song?'),
('50020'+18, 8, 4, 'Back..', 1, 1, '50020'+36, 0, 0, 0, ''),
('50020'+19, 1, 8, 'Zone-DalaranCity', 1, 1, '50020'+19, 0, 0, 0, 'Sure about the song?'),
('50020'+19, 2, 8, 'Intro-DalaranCity', 1, 1, '50020'+19, 0, 0, 0, 'Sure about the song?'),
('50020'+19, 3, 8, 'Zone-DalaranSewersWalkUni', 1, 1, '50020'+19, 0, 0, 0, 'Sure about the song?'),
('50020'+19, 4, 8, 'Zone-DalaranCitadelInteriorWalk', 1, 1, '50020'+19, 0, 0, 0, 'Sure about the song?'),
('50020'+19, 5, 8, 'Zone-DalaranCityCitadelInterior', 1, 1, '50020'+19, 0, 0, 0, 'Sure about the song?'),
('50020'+19, 6, 8, 'Zone-VioletHoldWalkUni', 1, 1, '50020'+19, 0, 0, 0, 'Sure about the song?'),
('50020'+19, 7, 8, 'Zone-CrystalSongForest', 1, 1, '50020'+19, 0, 0, 0, 'Sure about the song?'),
('50020'+19, 8, 4, 'Back..', 1, 1, '50020'+36, 0, 0, 0, ''),
('50020'+20, 1, 8, 'Altervac Valley_PVP', 1, 1, '50020'+20, 0, 0, 0, 'Sure about the song?'),
('50020'+20, 2, 8, 'Zone-Cursed Land Felwood', 1, 1, '50020'+20, 0, 0, 0, 'Sure about the song?'),
('50020'+20, 3, 8, 'Zone-CursedLandFelwoodFurbolg', 1, 1, '50020'+20, 0, 0, 0, 'Sure about the song?'),
('50020'+20, 4, 8, 'Zone - Plaguelands', 1, 1, '50020'+20, 0, 0, 0, 'Sure about the song?'),
('50020'+20, 5, 4, 'Back..', 1, 1, '50020'+36, 0, 0, 0, ''),
('50020'+21, 1, 8, 'Zone-ChamberAspects01Day', 1, 1, '50020'+21, 0, 0, 0, 'Sure about the song?'),
('50020'+21, 2, 8, 'Zone-ChamberAspects01Night', 1, 1, '50020'+21, 0, 0, 0, 'Sure about the song?'),
('50020'+21, 3, 8, 'Intro-ChamberAspects01Day', 1, 1, '50020'+21, 0, 0, 0, 'Sure about the song?'),
('50020'+21, 4, 8, 'Intro-ChamberAspects01Night', 1, 1, '50020'+21, 0, 0, 0, 'Sure about the song?'),
('50020'+21, 5, 4, 'Back..', 1, 1, '50020'+36, 0, 0, 0, ''),
('50020'+22, 1, 8, 'Intro-CavernsofTimeFlight', 1, 1, '50020'+22, 0, 0, 0, 'Sure about the song?'),
('50020'+22, 2, 8, 'Zone-CavernsofTimeRetail', 1, 1, '50020'+22, 0, 0, 0, 'Sure about the song?'),
('50020'+22, 3, 8, 'Zone-CavernsofTimeWalk', 1, 1, '50020'+22, 0, 0, 0, 'Sure about the song?'),
('50020'+22, 4, 8, 'Zone-CavernsofTimeDurnholdeCell', 1, 1, '50020'+22, 0, 0, 0, 'Sure about the song?'),
('50020'+22, 5, 8, 'Zone-CavernsofTimeDurnholdeKExt', 1, 1, '50020'+22, 0, 0, 0, 'Sure about the song?'),
('50020'+22, 6, 8, 'Zone-CavernsofTimeDurnholdeKInt', 1, 1, '50020'+22, 0, 0, 0, 'Sure about the song?'),
('50020'+22, 7, 8, 'Zone-CavernsoftimeHillsbradExtW', 1, 1, '50020'+22, 0, 0, 0, 'Sure about the song?'),
('50020'+22, 8, 8, 'Zone-CavernsofTimeHyjalExtWalk', 1, 1, '50020'+22, 0, 0, 0, 'Sure about the song?'),
('50020'+22, 9, 8, 'Event-HyjalPastWisp', 1, 1, '50020'+22, 0, 0, 0, 'Sure about the song?'),
('50020'+22, 10, 8, 'Event_CT_HyjalExtWalk09', 1, 1, '50020'+22, 0, 0, 0, 'Sure about the song?'),
('50020'+22, 11, 8, 'Zone-HyjalPastBaseWalk', 1, 1, '50020'+22, 0, 0, 0, 'Sure about the song?'),
('50020'+22, 12, 8, 'Zone-HyjalPastHordeCampWalk ', 1, 1, '50020'+22, 0, 0, 0, 'Sure about the song?'),
('50020'+22, 13, 8, 'Zone-HyjalPastNordrassilWalk', 1, 1, '50020'+22, 0, 0, 0, 'Sure about the song?'),
('50020'+22, 14, 8, 'Zone-HyjalPastSummitWalk ', 1, 1, '50020'+22, 0, 0, 0, 'Sure about the song?'),
('50020'+22, 15, 8, 'Zone-CavernsofTimeBlackMorassWa', 1, 1, '50020'+22, 0, 0, 0, 'Sure about the song?'),
('50020'+22, 16, 8, 'Zone-CavernsofTimeTarrenMillExt', 1, 1, '50020'+22, 0, 0, 0, 'Sure about the song?'),
('50020'+22, 17, 4, 'Back..', 1, 1, '50020'+36, 0, 0, 0, ''),
('50020'+23, 1, 8, 'Zone-ColdarraGeneralWalk', 1, 1, '50020'+23, 0, 0, 0, 'Sure about the song?'),
('50020'+23, 2, 8, 'Zone-BoreanTundraDay', 1, 1, '50020'+23, 0, 0, 0, 'Sure about the song?'),
('50020'+23, 3, 8, 'Zone-NorthrenScourge', 1, 1, '50020'+23, 0, 0, 0, 'Sure about the song?'),
('50020'+23, 4, 8, 'Zone-BoreanTundraNight', 1, 1, '50020'+23, 0, 0, 0, 'Sure about the song?'),
('50020'+23, 5, 8, 'Zone-BoreanTundraGeyserFields', 1, 1, '50020'+23, 0, 0, 0, 'Sure about the song?'),
('50020'+23, 6, 8, 'Zone-NorthrenRiplashDay', 1, 1, '50020'+23, 0, 0, 0, 'Sure about the song?'),
('50020'+23, 7, 8, 'Zone-NorthrenRiplashNight', 1, 1, '50020'+23, 0, 0, 0, 'Sure about the song?'),
('50020'+23, 8, 4, 'Back..', 1, 1, '50020'+36, 0, 0, 0, ''),
('50020'+24, 1, 8, 'Intro-BlackTempleVigil', 1, 1, '50020'+24, 0, 0, 0, 'Sure about the song?'),
('50020'+24, 2, 8, 'Zone-BlackTempleWalk', 1, 1, '50020'+24, 0, 0, 0, 'Sure about the song?'),
('50020'+24, 3, 8, 'Zone-BlackTempleSanctuaryWalk', 1, 1, '50020'+24, 0, 0, 0, 'Sure about the song?'),
('50020'+24, 4, 8, 'Intro-BlackTempleSanctuary', 1, 1, '50020'+24, 0, 0, 0, 'Sure about the song?'),
('50020'+24, 5, 8, 'Zone-BlackTempleIllidariWalk', 1, 1, '50020'+24, 0, 0, 0, 'Sure about the song?'),
('50020'+24, 6, 8, 'Zone-BlackTempleVigilWalk', 1, 1, '50020'+24, 0, 0, 0, 'Sure about the song?'),
('50020'+24, 7, 8, 'Intro-BlackTempleKarabor', 1, 1, '50020'+24, 0, 0, 0, 'Sure about the song?'),
('50020'+24, 8, 8, 'Event_BT_IllidariWalkUni10', 1, 1, '50020'+24, 0, 0, 0, 'Sure about the song?'),
('50020'+24, 9, 8, 'Intro-BlackTempleIllidari', 1, 1, '50020'+24, 0, 0, 0, 'Sure about the song?'),
('50020'+24, 10, 8, 'Event_BlackTemplePreludeEvent01', 1, 1, '50020'+24, 0, 0, 0, 'Sure about the song?'),
('50020'+24, 11, 8, 'Zone-BlackTempleReliquaryWalk', 1, 1, '50020'+24, 0, 0, 0, 'Sure about the song?'),
('50020'+24, 12, 8, 'Event_BT_ReliquaryWalkUni05', 1, 1, '50020'+24, 0, 0, 0, 'Sure about the song?'),
('50020'+24, 13, 8, 'Intro-BlackTempleReliquary', 1, 1, '50020'+24, 0, 0, 0, 'Sure about the song?'),
('50020'+24, 14, 8, 'Zone-BlackTempleAnguishWalk', 1, 1, '50020'+24, 0, 0, 0, 'Sure about the song?'),
('50020'+24, 15, 8, 'Event_BT_SanctuaryWalkHero01', 1, 1, '50020'+24, 0, 0, 0, 'Sure about the song?'),
('50020'+24, 16, 8, 'Intro-BlackTempleRefectory', 1, 1, '50020'+24, 0, 0, 0, 'Sure about the song?'),
('50020'+24, 17, 8, 'Event_BT_SanctuaryWalkUni08', 1, 1, '50020'+24, 0, 0, 0, 'Sure about the song?'),
('50020'+24, 18, 8, 'Intro-BlackTempleAnguish', 1, 1, '50020'+24, 0, 0, 0, 'Sure about the song?'),
('50020'+24, 19, 8, 'Event_BT_StormWalkHero02', 1, 1, '50020'+24, 0, 0, 0, 'Sure about the song?'),
('50020'+24, 20, 8, 'Event_BT_StormWalkUni01', 1, 1, '50020'+24, 0, 0, 0, 'Sure about the song?'),
('50020'+24, 21, 8, 'Event_BT_StormWalkUni03', 1, 1, '50020'+24, 0, 0, 0, 'Sure about the song?'),
('50020'+24, 22, 8, 'Event_BT_StormWalkUni04', 1, 1, '50020'+24, 0, 0, 0, 'Sure about the song?'),
('50020'+24, 23, 8, 'Event_BT_SummitWalkuni01', 1, 1, '50020'+24, 0, 0, 0, 'Sure about the song?'),
('50020'+24, 24, 8, 'Event_BT_SummitWalkUni02', 1, 1, '50020'+24, 0, 0, 0, 'Sure about the song?'),
('50020'+24, 25, 8, 'Event_BT_SummitWalkUni03', 1, 1, '50020'+24, 0, 0, 0, 'Sure about the song?'),
('50020'+24, 26, 8, 'Event_BT_SummitWalkUni04', 1, 1, '50020'+24, 0, 0, 0, 'Sure about the song?'),
('50020'+24, 27, 8, 'Event_BT_SummitWalkUni05', 1, 1, '50020'+24, 0, 0, 0, 'Sure about the song?'),
('50020'+24, 28, 4, 'Back..', 1, 1, '50020'+36, 0, 0, 0, ''),
('50020'+25, 1, 8, 'Moment-Orc Barren', 1, 1, '50020'+25, 0, 0, 0, 'Sure about the song?'),
('50020'+25, 2, 8, 'Zone-BarrenDry Day', 1, 1, '50020'+25, 0, 0, 0, 'Sure about the song?'),
('50020'+25, 3, 8, 'Zone-BarrenDry Night', 1, 1, '50020'+25, 0, 0, 0, 'Sure about the song?'),
('50020'+25, 4, 8, 'Zone-Crossroads', 1, 1, '50020'+25, 0, 0, 0, 'Sure about the song?'),
('50020'+25, 5, 4, 'Back..', 1, 1, '50020'+36, 0, 0, 0, ''),
('50020'+26, 1, 8, 'Intro-BladesEdgeOgrila', 1, 1, '50020'+26, 0, 0, 0, 'Sure about the song?'),
('50020'+26, 2, 8, 'Intro-DraeneiRestingUni', 1, 1, '50020'+26, 0, 0, 0, 'Sure about the song?'),
('50020'+26, 3, 8, 'Intro-Exodar', 1, 1, '50020'+26, 0, 0, 0, 'Sure about the song?'),
('50020'+26, 4, 8, 'Zone-ExodarWalking', 1, 1, '50020'+26, 0, 0, 0, 'Sure about the song?'),
('50020'+26, 5, 8, 'Zone-AzuremystNagaWalking', 1, 1, '50020'+26, 0, 0, 0, 'Sure about the song?'),
('50020'+26, 6, 8, 'Zone-AzuremystOwlWalking', 1, 1, '50020'+26, 0, 0, 0, 'Sure about the song?'),
('50020'+26, 7, 8, 'Zone-AmmenvaleDraeneiWalking', 1, 1, '50020'+26, 0, 0, 0, 'Sure about the song?'),
('50020'+26, 8, 8, 'Zone-AzureMystWalking', 1, 1, '50020'+26, 0, 0, 0, 'Sure about the song?'),
('50020'+26, 9, 4, 'Back..', 1, 1, '50020'+36, 0, 0, 0, ''),
('50020'+27, 1, 8, 'Intro-AzjolNerub', 1, 1, '50020'+27, 0, 0, 0, 'Sure about the song?'),
('50020'+27, 2, 8, 'Zone-AzjolNerubA', 1, 1, '50020'+27, 0, 0, 0, 'Sure about the song?'),
('50020'+27, 3, 8, 'Zone-AzjolNerubC', 1, 1, '50020'+27, 0, 0, 0, 'Sure about the song?'),
('50020'+27, 4, 8, 'Zone-AzjolNerubE', 1, 1, '50020'+27, 0, 0, 0, 'Sure about the song?'),
('50020'+27, 5, 8, 'Zone-AzjolNerubB', 1, 1, '50020'+27, 0, 0, 0, 'Sure about the song?'),
('50020'+27, 6, 8, 'Intro-AzjolNerubD', 1, 1, '50020'+27, 0, 0, 0, 'Sure about the song?'),
('50020'+27, 7, 8, 'Zone-AzjolNerubD', 1, 1, '50020'+27, 0, 0, 0, 'Sure about the song?'),
('50020'+27, 8, 4, 'Back..', 1, 1, '50020'+36, 0, 0, 0, ''),
('50020'+28, 1, 8, 'Zone - AhnQirajExterior', 1, 1, '50020'+28, 0, 0, 0, 'Sure about the song?'),
('50020'+28, 2, 8, 'Zone Music - AhnQirajInteriorWa', 1, 1, '50020'+28, 0, 0, 0, 'Sure about the song?'),
('50020'+28, 3, 8, 'AhnQirajInteriorCenterRoom', 1, 1, '50020'+28, 0, 0, 0, 'Sure about the song?'),
('50020'+28, 4, 8, 'Zone Music - AhnQirajInteriorIn', 1, 1, '50020'+28, 0, 0, 0, 'Sure about the song?'),
('50020'+28, 5, 8, 'AhnQirajKingRoom', 1, 1, '50020'+28, 0, 0, 0, 'Sure about the song?'),
('50020'+28, 6, 8, 'AhnQirajTriangleRoomWalking', 1, 1, '50020'+28, 0, 0, 0, 'Sure about the song?'),
('50020'+28, 7, 4, 'Back..', 1, 1, '50020'+36, 0, 0, 0, ''),
('50020'+29, 1, 8, 'Zone-NorthrenDarker', 1, 1, '50020'+29, 0, 0, 0, 'Sure about the song?'),
('50020'+29, 2, 8, 'Zone-BlackTempleDenWalk', 1, 1, '50020'+29, 0, 0, 0, 'Sure about the song?'),
('50020'+29, 3, 8, 'Zone-BlackTempleKaraborWalk', 1, 1, '50020'+29, 0, 0, 0, 'Sure about the song?'),
('50020'+29, 4, 8, 'Zone-BoreanTundraTuskarrDay', 1, 1, '50020'+29, 0, 0, 0, 'Sure about the song?'),
('50020'+29, 5, 8, 'Zone-BoreanTundraTuskarrNight', 1, 1, '50020'+29, 0, 0, 0, 'Sure about the song?'),
('50020'+29, 6, 8, 'Zone-EbonHArcherusWalk', 1, 1, '50020'+29, 0, 0, 0, 'Sure about the song?'),
('50020'+29, 7, 8, 'Zone-QuelDanasStage03', 1, 1, '50020'+29, 0, 0, 0, 'Sure about the song?'),
('50020'+29, 8, 8, 'Zone-QuelDanasDay', 1, 1, '50020'+29, 0, 0, 0, 'Sure about the song?'),
('50020'+29, 9, 8, 'Zone-QuelDanasNight', 1, 1, '50020'+29, 0, 0, 0, 'Sure about the song?'),
('50020'+29, 10, 8, 'Zone-QuelDanasStage02', 1, 1, '50020'+29, 0, 0, 0, 'Sure about the song?'),
('50020'+29, 11, 8, 'Zone-QuelDanasStage01', 1, 1, '50020'+29, 0, 0, 0, 'Sure about the song?'),
('50020'+29, 12, 8, 'Zone-BladesEdgeGruulsLairWalk', 1, 1, '50020'+29, 0, 0, 0, 'Sure about the song?'),
('50020'+29, 13, 8, 'Zone-UtgardeD', 1, 1, '50020'+29, 0, 0, 0, 'Sure about the song?'),
('50020'+29, 14, 8, 'Zone-VrykulWalk', 1, 1, '50020'+29, 0, 0, 0, 'Sure about the song?'),
('50020'+29, 15, 8, 'Zone-UtgardeA', 1, 1, '50020'+29, 0, 0, 0, 'Sure about the song?'),
('50020'+29, 16, 8, 'Zone-HowlingFjordTuskarrDay', 1, 1, '50020'+29, 0, 0, 0, 'Sure about the song?'),
('50020'+29, 17, 8, 'Zone-HowlingFjordTuskarrNight', 1, 1, '50020'+29, 0, 0, 0, 'Sure about the song?'),
('50020'+29, 18, 4, 'Next page', 1, 1, '50020'+39, 0, 0, 0, ''),
('50020'+29, 19, 4, 'Back..', 1, 1, '50020'+36, 0, 0, 0, ''),
('50020'+30, 1, 8, 'Intro-ZulDrakGeneralWalkIntro', 1, 1, '50020'+30, 0, 0, 0, 'Sure about the song?'),
('50020'+30, 2, 8, 'Zone-ZulDrakGeneralWalkDay', 1, 1, '50020'+30, 0, 0, 0, 'Sure about the song?'),
('50020'+30, 3, 8, 'Zone-ZulDrakGeneralWalkNight', 1, 1, '50020'+30, 0, 0, 0, 'Sure about the song?'),
('50020'+30, 4, 8, 'Zone-ZuldrakMamtoth', 1, 1, '50020'+30, 0, 0, 0, 'Sure about the song?'),
('50020'+30, 5, 8, 'Zone-ZuldrakQuetzlun', 1, 1, '50020'+30, 0, 0, 0, 'Sure about the song?'),
('50020'+30, 6, 8, 'Zone-ZuldrakRhunok', 1, 1, '50020'+30, 0, 0, 0, 'Sure about the song?'),
('50020'+30, 7, 8, 'Zone-ZuldrakSsertus', 1, 1, '50020'+30, 0, 0, 0, 'Sure about the song?'),
('50020'+30, 8, 4, 'Back..', 1, 1, '50020'+36, 0, 0, 0, ''),
('50020'+31, 1, 8, 'UD_DiscoBallMusic', 1, 1, '50020'+31, 0, 0, 0, 'Sure about the song?'),
('50020'+31, 2, 8, 'Event_DotD_Undead_Dance', 1, 1, '50020'+31, 0, 0, 0, 'Sure about the song?'),
('50020'+31, 3, 8, 'Weather - RainHeavy', 1, 1, '50020'+31, 0, 0, 0, 'Sure about the song?'),
('50020'+31, 4, 8, 'Weather - RainLight', 1, 1, '50020'+31, 0, 0, 0, 'Sure about the song?'),
('50020'+31, 5, 8, 'Weather - RainMedium', 1, 1, '50020'+31, 0, 0, 0, 'Sure about the song?'),
('50020'+31, 6, 8, 'Weather - SandstormHeavy', 1, 1, '50020'+31, 0, 0, 0, 'Sure about the song?'),
('50020'+31, 7, 8, 'Weather - SandstormLight', 1, 1, '50020'+31, 0, 0, 0, 'Sure about the song?'),
('50020'+31, 8, 8, 'Weather - SandstormMedium', 1, 1, '50020'+31, 0, 0, 0, 'Sure about the song?'),
('50020'+31, 9, 8, 'Weather - SnowHeavy', 1, 1, '50020'+31, 0, 0, 0, 'Sure about the song?'),
('50020'+31, 10, 8, 'Weather - SnowLight', 1, 1, '50020'+31, 0, 0, 0, 'Sure about the song?'),
('50020'+31, 11, 8, 'Weather - SnowMedium', 1, 1, '50020'+31, 0, 0, 0, 'Sure about the song?'),
('50020'+31, 12, 8, 'Ghost (DONOTRENAME),,', 1, 1, '50020'+31, 0, 0, 0, 'Sure about the song?'),
('50020'+31, 13, 8, 'Zone Music Day Ghost', 1, 1, '50020'+31, 0, 0, 0, 'Sure about the song?'),
('50020'+31, 14, 8, 'Underwater (DONOTRENAME),,', 1, 1, '50020'+31, 0, 0, 0, 'Sure about the song?'),
('50020'+31, 15, 4, 'Back..', 1, 1, '50020'+36, 0, 0, 0, ''),
('50020'+32, 1, 8, 'AhnQirajCthunStomach', 1, 1, '50020'+32, 0, 0, 0, 'Sure about the song?'),
('50020'+32, 2, 8, 'AhnQirajExterior', 1, 1, '50020'+32, 0, 0, 0, 'Sure about the song?'),
('50020'+32, 3, 8, 'AmaniPassDay', 1, 1, '50020'+32, 0, 0, 0, 'Sure about the song?'),
('50020'+32, 4, 8, 'AmaniPassNight', 1, 1, '50020'+32, 0, 0, 0, 'Sure about the song?'),
('50020'+32, 5, 8, 'AmanValeDay', 1, 1, '50020'+32, 0, 0, 0, 'Sure about the song?'),
('50020'+32, 6, 8, 'AmenValeNight', 1, 1, '50020'+32, 0, 0, 0, 'Sure about the song?'),
('50020'+32, 7, 8, 'AmmenValeCrashSiteDay', 1, 1, '50020'+32, 0, 0, 0, 'Sure about the song?'),
('50020'+32, 8, 8, 'AmmenValeCrashSiteNight', 1, 1, '50020'+32, 0, 0, 0, 'Sure about the song?'),
('50020'+32, 9, 8, 'AzureBreezeCoastDay', 1, 1, '50020'+32, 0, 0, 0, 'Sure about the song?'),
('50020'+32, 10, 8, 'AzureBreezeCoastNight', 1, 1, '50020'+32, 0, 0, 0, 'Sure about the song?'),
('50020'+32, 11, 8, 'BeachDay', 1, 1, '50020'+32, 0, 0, 0, 'Sure about the song?'),
('50020'+32, 12, 8, 'BeachNight', 1, 1, '50020'+32, 0, 0, 0, 'Sure about the song?'),
('50020'+32, 13, 8, 'BlackMorass', 1, 1, '50020'+32, 0, 0, 0, 'Sure about the song?'),
('50020'+32, 14, 8, 'BladesEdgeForest', 1, 1, '50020'+32, 0, 0, 0, 'Sure about the song?'),
('50020'+32, 15, 8, 'BladesEdgeGlobal', 1, 1, '50020'+32, 0, 0, 0, 'Sure about the song?'),
('50020'+32, 16, 8, 'BladesEdgeSylvanaar', 1, 1, '50020'+32, 0, 0, 0, 'Sure about the song?'),
('50020'+32, 17, 8, 'BloodMystIsleDay', 1, 1, '50020'+32, 0, 0, 0, 'Sure about the song?'),
('50020'+32, 18, 8, 'BloodMystIsleNight', 1, 1, '50020'+32, 0, 0, 0, 'Sure about the song?'),
('50020'+32, 19, 8, 'BoneWastes1', 1, 1, '50020'+32, 0, 0, 0, 'Sure about the song?'),
('50020'+32, 20, 8, 'BoreanTundraGeneralDay', 1, 1, '50020'+32, 0, 0, 0, 'Sure about the song?'),
('50020'+32, 21, 8, 'BoreanTundraGeneralNight', 1, 1, '50020'+32, 0, 0, 0, 'Sure about the song?'),
('50020'+32, 22, 8, 'CanyonDesertDay', 1, 1, '50020'+32, 0, 0, 0, 'Sure about the song?'),
('50020'+32, 23, 8, 'GlueScreenOrcTroll', 1, 1, '50020'+32, 0, 0, 0, 'Sure about the song?'),
('50020'+32, 24, 8, 'CanyonDesertNight', 1, 1, '50020'+32, 0, 0, 0, 'Sure about the song?'),
('50020'+32, 25, 8, 'ColdarraNightDay', 1, 1, '50020'+32, 0, 0, 0, 'Sure about the song?'),
('50020'+32, 26, 4, 'Next page', 1, 1, '50020'+40, 0, 0, 0, ''),
('50020'+32, 27, 4, 'Back..', 1, 1, '50020'+36, 0, 0, 0, ''),
('50020'+33, 1, 8, 'Zone-UtgardeC', 1, 1, '50020'+33, 0, 0, 0, 'Sure about the song?'),
('50020'+33, 2, 8, 'Zone-UtgardeF', 1, 1, '50020'+33, 0, 0, 0, 'Sure about the song?'),
('50020'+33, 3, 8, 'Zone-UtgardeB', 1, 1, '50020'+33, 0, 0, 0, 'Sure about the song?'),
('50020'+33, 4, 8, 'Zone-TempestKeepWalkingUni', 1, 1, '50020'+33, 0, 0, 0, 'Sure about the song?'),
('50020'+33, 5, 8, 'Zone-TempestKeepBosses', 1, 1, '50020'+33, 0, 0, 0, 'Sure about the song?'),
('50020'+33, 6, 8, 'Zone-StormpeaksDay', 1, 1, '50020'+33, 0, 0, 0, 'Sure about the song?'),
('50020'+33, 7, 8, 'Zone-StormpeaksNight', 1, 1, '50020'+33, 0, 0, 0, 'Sure about the song?'),
('50020'+33, 8, 8, 'PVP-Battle Grounds', 1, 1, '50020'+33, 0, 0, 0, 'Sure about the song?'),
('50020'+33, 9, 8, 'Intro-NagrandDimond', 1, 1, '50020'+33, 0, 0, 0, 'Sure about the song?'),
('50020'+33, 10, 8, 'Zone-NagrandDay', 1, 1, '50020'+33, 0, 0, 0, 'Sure about the song?'),
('50020'+33, 11, 8, 'Zone-NagrandNight', 1, 1, '50020'+33, 0, 0, 0, 'Sure about the song?'),
('50020'+33, 12, 8, 'Zone-NexusC', 1, 1, '50020'+33, 0, 0, 0, 'Sure about the song?'),
('50020'+33, 13, 8, 'Zone-NexusD', 1, 1, '50020'+33, 0, 0, 0, 'Sure about the song?'),
('50020'+33, 14, 8, 'Zone-NexusB', 1, 1, '50020'+33, 0, 0, 0, 'Sure about the song?'),
('50020'+33, 15, 4, 'Next page', 1, 1, '50020'+44, 0, 0, 0, ''),
('50020'+33, 16, 4, 'Back..', 1, 1, '50020'+36, 0, 0, 0, ''),
('50020'+34, 1, 8, 'AN_GeneralIntro_01.mp3', 1, 1, '50020'+34, 0, 0, 0, 'Sure about the song?'),
('50020'+34, 2, 8, 'AN_GeneralWalk_03.mp3', 1, 1, '50020'+34, 0, 0, 0, 'Sure about the song?'),
('50020'+34, 3, 8, 'AN_GeneralWalk_14.mp3', 1, 1, '50020'+34, 0, 0, 0, 'Sure about the song?'),
('50020'+34, 4, 8, 'BO_ColdarraWalkUni01.mp3', 1, 1, '50020'+34, 0, 0, 0, 'Sure about the song?'),
('50020'+34, 5, 8, 'BO_GeneralWalk_Day07.mp3', 1, 1, '50020'+34, 0, 0, 0, 'Sure about the song?'),
('50020'+34, 6, 8, 'BO_GeyserField_General01.mp3', 1, 1, '50020'+34, 0, 0, 0, 'Sure about the song?'),
('50020'+34, 7, 8, 'BO_Riplash_Day01.mp3', 1, 1, '50020'+34, 0, 0, 0, 'Sure about the song?'),
('50020'+34, 8, 8, 'BO_Tusk_KaskalaDay02.mp3', 1, 1, '50020'+34, 0, 0, 0, 'Sure about the song?'),
('50020'+34, 9, 8, 'CA_AspectsGeneralWalkADay01.mp3', 1, 1, '50020'+34, 0, 0, 0, 'Sure about the song?'),
('50020'+34, 10, 8, 'CA_AspectsIntroADay01.mp3', 1, 1, '50020'+34, 0, 0, 0, 'Sure about the song?'),
('50020'+34, 11, 8, 'CS_CrystalsongWalkUni01.mp3', 1, 1, '50020'+34, 0, 0, 0, 'Sure about the song?'),
('50020'+34, 12, 8, 'CT_StratholmePastAlleyEnd.mp3', 1, 1, '50020'+34, 0, 0, 0, 'Sure about the song?'),
('50020'+34, 13, 8, 'CT_StratholmePastOutdoorsWalkANight.mp3', 1, 1, '50020'+34, 0, 0, 0, 'Sure about the song?'),
('50020'+34, 14, 8, 'DB_GeneralIntro_01.mp3', 1, 1, '50020'+34, 0, 0, 0, 'Sure about the song?'),
('50020'+34, 15, 8, 'DB_GeneralWalk_Day06.mp3', 1, 1, '50020'+34, 0, 0, 0, 'Sure about the song?'),
('50020'+34, 16, 8, 'DB_GeneralWalk_Night08.mp3', 1, 1, '50020'+34, 0, 0, 0, 'Sure about the song?'),
('50020'+34, 17, 8, 'DC_GeneralWalkUni01.mp3', 1, 1, '50020'+34, 0, 0, 0, 'Sure about the song?'),
('50020'+34, 18, 8, 'EH_AssaultUni01.mp3', 1, 1, '50020'+34, 0, 0, 0, 'Sure about the song?'),
('50020'+34, 19, 8, 'GH_GeneralWalk_A_Day01.mp3', 1, 1, '50020'+34, 0, 0, 0, 'Sure about the song?'),
('50020'+34, 20, 8, 'GH_Intro1Uni01.mp3', 1, 1, '50020'+34, 0, 0, 0, 'Sure about the song?'),
('50020'+34, 21, 8, 'GH_WalkDay09.mp3', 1, 1, '50020'+34, 0, 0, 0, 'Sure about the song?'),
('50020'+34, 22, 8, 'HF_DistWalkUni01.mp3', 1, 1, '50020'+34, 0, 0, 0, 'Sure about the song?'),
('50020'+34, 23, 8, 'HF_GeneralWalk_Day01.mp3', 1, 1, '50020'+34, 0, 0, 0, 'Sure about the song?'),
('50020'+34, 24, 8, 'HF_Tusk_KamaguaNight01.mp3', 1, 1, '50020'+34, 0, 0, 0, 'Sure about the song?'),
('50020'+34, 25, 4, 'Next page', 1, 1, '50020'+45, 0, 0, 0, ''),
('50020'+34, 26, 4, 'Back..', 1, 1, '50020'+36, 0, 0, 0, ''),
('50020'+36, 1, 3, 'Grizzly Hills', 1, 1, '50020'+15, 0, 0, 0, ''),
('50020'+36, 2, 3, 'Ghostlands', 1, 1, '50020'+16, 0, 0, 0, ''),
('50020'+36, 3, 3, 'Eversong', 1, 1, '50020'+17, 0, 0, 0, ''),
('50020'+36, 4, 3, 'Dragonblight', 1, 1, '50020'+18, 0, 0, 0, ''),
('50020'+36, 5, 3, 'Dalaran', 1, 1, '50020'+19, 0, 0, 0, ''),
('50020'+36, 6, 3, 'Cursed Land', 1, 1, '50020'+20, 0, 0, 0, ''),
('50020'+36, 7, 3, 'Chamber Of The Aspects', 1, 1, '50020'+21, 0, 0, 0, ''),
('50020'+36, 8, 3, 'Caverns Of Time', 1, 1, '50020'+22, 0, 0, 0, ''),
('50020'+36, 9, 3, 'Music Borean Tundra', 1, 1, '50020'+23, 0, 0, 0, ''),
('50020'+36, 10, 3, 'Black Temple', 1, 1, '50020'+24, 0, 0, 0, ''),
('50020'+36, 11, 3, 'Barrens', 1, 1, '50020'+25, 0, 0, 0, ''),
('50020'+36, 12, 3, 'Azuremyst', 1, 1, '50020'+26, 0, 0, 0, ''),
('50020'+36, 13, 3, 'Azjol Nerub', 1, 1, '50020'+27, 0, 0, 0, ''),
('50020'+36, 14, 3, 'Ahn Qiraj', 1, 1, '50020'+28, 0, 0, 0, ''),
('50020'+36, 15, 3, 'Music', 1, 1, '50020'+29, 0, 0, 0, ''),
('50020'+36, 16, 3, 'Zul Drak', 1, 1, '50020'+30, 0, 0, 0, ''),
('50020'+36, 17, 3, 'Misc', 1, 1, '50020'+31, 0, 0, 0, ''),
('50020'+36, 18, 3, 'Ambience', 1, 1, '50020'+32, 0, 0, 0, ''),
('50020'+36, 19, 3, 'Minor categories', 1, 1, '50020'+33, 0, 0, 0, ''),
('50020'+36, 20, 3, 'Temp music', 1, 1, '50020'+34, 0, 0, 0, ''),
('50020'+36, 21, 4, 'Back..', 1, 1, '50020', 0, 0, 0, ''),
('50020'+37, 1, 8, 'Zone-IcecrownSummitWalk', 1, 1, '50020'+37, 0, 0, 0, 'Sure about the song?'),
('50020'+37, 2, 8, 'Intro-PitofSaron', 1, 1, '50020'+37, 0, 0, 0, 'Sure about the song?'),
('50020'+37, 3, 8, 'Zone-PitofSaron', 1, 1, '50020'+37, 0, 0, 0, 'Sure about the song?'),
('50020'+37, 4, 8, 'Intro-PitofSaronEntry', 1, 1, '50020'+37, 0, 0, 0, 'Sure about the song?'),
('50020'+37, 5, 8, 'Zone-PitofSaronEntry', 1, 1, '50020'+37, 0, 0, 0, 'Sure about the song?'),
('50020'+37, 6, 8, 'Intro-IcecrownRaidFloor1Entry', 1, 1, '50020'+37, 0, 0, 0, 'Sure about the song?'),
('50020'+37, 7, 8, 'Intro-IcecrownRaidFloor2Intro', 1, 1, '50020'+37, 0, 0, 0, 'Sure about the song?'),
('50020'+37, 8, 8, 'Zone-IcecrownRaidFloor1Entry', 1, 1, '50020'+37, 0, 0, 0, 'Sure about the song?'),
('50020'+37, 9, 8, 'Zone-IcecrownRaidFloor2Intro', 1, 1, '50020'+37, 0, 0, 0, 'Sure about the song?'),
('50020'+37, 10, 8, 'Intro-IcecrownRaidFloor1Deathwhisper', 1, 1, '50020'+37, 0, 0, 0, 'Sure about the song?'),
('50020'+37, 11, 8, 'Intro-IcecrownRaidFloor2Plague', 1, 1, '50020'+37, 0, 0, 0, 'Sure about the song?'),
('50020'+37, 12, 8, 'Zone-IcecrownRaidFloor1Deathwhisper', 1, 1, '50020'+37, 0, 0, 0, 'Sure about the song?'),
('50020'+37, 13, 8, 'Zone-IcecrownRaidFloor2Plague', 1, 1, '50020'+37, 0, 0, 0, 'Sure about the song?'),
('50020'+37, 14, 8, 'Intro-PitofSaronTyrannus', 1, 1, '50020'+37, 0, 0, 0, 'Sure about the song?'),
('50020'+37, 15, 8, 'Zone-PitofSaronTyrannus', 1, 1, '50020'+37, 0, 0, 0, 'Sure about the song?'),
('50020'+37, 16, 8, 'Intro-IcecrownRaidFloor2Valithria', 1, 1, '50020'+37, 0, 0, 0, 'Sure about the song?'),
('50020'+37, 17, 8, 'Zone-IcecrownRaidFloor2Valithria', 1, 1, '50020'+37, 0, 0, 0, 'Sure about the song?'),
('50020'+37, 18, 8, 'Intro-IcecrownRaidFloor2Spire', 1, 1, '50020'+37, 0, 0, 0, 'Sure about the song?'),
('50020'+37, 19, 8, 'Zone-IcecrownRaidFloor2Spire', 1, 1, '50020'+37, 0, 0, 0, 'Sure about the song?'),
('50020'+37, 20, 8, 'Intro-IcecrownRaidFloor2Frost', 1, 1, '50020'+37, 0, 0, 0, 'Sure about the song?'),
('50020'+37, 21, 8, 'Zone-IcecrownRaidFloor2Frost', 1, 1, '50020'+37, 0, 0, 0, 'Sure about the song?'),
('50020'+37, 22, 8, 'Intro-IcecrownRaidFloor1Spire', 1, 1, '50020'+37, 0, 0, 0, 'Sure about the song?'),
('50020'+37, 23, 8, 'Zone-IcecrownRaidFloor1Spire', 1, 1, '50020'+37, 0, 0, 0, 'Sure about the song?'),
('50020'+37, 24, 4, 'Back..', 1, 1, '50020'+2, 0, 0, 0, ''),
('50020'+38, 1, 8, 'Ironforge Intro', 1, 1, '50020'+38, 0, 0, 0, 'Sure about the song?'),
('50020'+38, 2, 8, 'Zone-Ironforge Intro', 1, 1, '50020'+38, 0, 0, 0, 'Sure about the song?'),
('50020'+38, 3, 8, 'Zone-Ironforge', 1, 1, '50020'+38, 0, 0, 0, 'Sure about the song?'),
('50020'+38, 4, 8, 'Moment-KingsTheme', 1, 1, '50020'+38, 0, 0, 0, 'Sure about the song?'),
('50020'+38, 5, 8, 'Moment-Monestery', 1, 1, '50020'+38, 0, 0, 0, 'Sure about the song?'),
('50020'+38, 6, 8, 'Zone-Dwarf Outpost', 1, 1, '50020'+38, 0, 0, 0, 'Sure about the song?'),
('50020'+38, 7, 8, 'Zone-TinkerTown Intro', 1, 1, '50020'+38, 0, 0, 0, 'Sure about the song?'),
('50020'+38, 8, 8, 'Zone-Gnomeragon', 1, 1, '50020'+38, 0, 0, 0, 'Sure about the song?'),
('50020'+38, 9, 8, 'Moment-Darnassus Intro', 1, 1, '50020'+38, 0, 0, 0, 'Sure about the song?'),
('50020'+38, 10, 8, 'Zone-Darnassus', 1, 1, '50020'+38, 0, 0, 0, 'Sure about the song?'),
('50020'+38, 11, 8, 'Moment-Darnassus Walking03', 1, 1, '50020'+38, 0, 0, 0, 'Sure about the song?'),
('50020'+38, 12, 8, 'Moment-DruidGrove', 1, 1, '50020'+38, 0, 0, 0, 'Sure about the song?'),
('50020'+38, 13, 8, 'Moment-WarriorTerrace', 1, 1, '50020'+38, 0, 0, 0, 'Sure about the song?'),
('50020'+38, 14, 8, 'Zone-TavernUndead', 1, 1, '50020'+38, 0, 0, 0, 'Sure about the song?'),
('50020'+38, 15, 8, 'Zone-TavernTauren', 1, 1, '50020'+38, 0, 0, 0, 'Sure about the song?'),
('50020'+38, 16, 8, 'Zone-TavernPirate', 1, 1, '50020'+38, 0, 0, 0, 'Sure about the song?'),
('50020'+38, 17, 8, 'Zone-TavernOrc', 1, 1, '50020'+38, 0, 0, 0, 'Sure about the song?'),
('50020'+38, 18, 8, 'Zone-TavernTempleofTheMoon', 1, 1, '50020'+38, 0, 0, 0, 'Sure about the song?'),
('50020'+38, 19, 8, 'Zone-TavernAlliance', 1, 1, '50020'+38, 0, 0, 0, 'Sure about the song?'),
('50020'+38, 20, 8, 'Zone-TavernHorde', 1, 1, '50020'+38, 0, 0, 0, 'Sure about the song?'),
('50020'+38, 21, 8, 'Zone-TavernHorde01', 1, 1, '50020'+38, 0, 0, 0, 'Sure about the song?'),
('50020'+38, 22, 8, 'Zone-TavernDwarf01', 1, 1, '50020'+38, 0, 0, 0, 'Sure about the song?'),
('50020'+38, 23, 4, 'Back..', 1, 1, '50020'+6, 0, 0, 0, ''),
('50020'+39, 18, 8, 'Zone-NetherstormEco-Domes', 1, 1, '50020'+39, 0, 0, 0, 'Sure about the song?'),
('50020'+39, 19, 8, 'Zone-NexusE', 1, 1, '50020'+39, 0, 0, 0, 'Sure about the song?'),
('50020'+39, 20, 8, 'Zone-DraktharonAviry', 1, 1, '50020'+39, 0, 0, 0, 'Sure about the song?'),
('50020'+39, 21, 8, 'Zone-DraktharonGeneralWalk', 1, 1, '50020'+39, 0, 0, 0, 'Sure about the song?'),
('50020'+39, 22, 8, 'Zone-GundrakGeneralWalk', 1, 1, '50020'+39, 0, 0, 0, 'Sure about the song?'),
('50020'+39, 23, 8, 'Zone-GundrakPoolTwistedReflecti', 1, 1, '50020'+39, 0, 0, 0, 'Sure about the song?'),
('50020'+39, 24, 8, 'Zone-DraktharonDraknidLayer', 1, 1, '50020'+39, 0, 0, 0, 'Sure about the song?'),
('50020'+39, 25, 8, 'Zone-MagistersTerraceIntWalking', 1, 1, '50020'+39, 0, 0, 0, 'Sure about the song?'),
('50020'+39, 26, 8, 'Zone-MagistersTerraceWalking', 1, 1, '50020'+39, 0, 0, 0, 'Sure about the song?'),
('50020'+39, 27, 8, 'Zone-SunwellPlateauWalking', 1, 1, '50020'+39, 0, 0, 0, 'Sure about the song?'),
('50020'+39, 28, 8, 'Zone-SunwellPlateauIntWalk', 1, 1, '50020'+39, 0, 0, 0, 'Sure about the song?'),
('50020'+39, 29, 8, 'Zone-SunwellPlateauKilJaeden', 1, 1, '50020'+39, 0, 0, 0, 'Sure about the song?'),
('50020'+39, 30, 8, 'Zone-DraktharonOverlook', 1, 1, '50020'+39, 0, 0, 0, 'Sure about the song?'),
('50020'+39, 31, 8, 'Zone-DraktharonWarlordsTerrace', 1, 1, '50020'+39, 0, 0, 0, 'Sure about the song?'),
('50020'+39, 32, 8, 'Zone-GundrakChamberofAkali', 1, 1, '50020'+39, 0, 0, 0, 'Sure about the song?'),
('50020'+39, 33, 8, 'Zone-DraktharonRaptorPens', 1, 1, '50020'+39, 0, 0, 0, 'Sure about the song?'),
('50020'+39, 34, 8, 'Zone-DraktharonTempleForgotten', 1, 1, '50020'+39, 0, 0, 0, 'Sure about the song?'),
('50020'+39, 35, 8, 'Zone-GundrakCaveofMamtoth', 1, 1, '50020'+39, 0, 0, 0, 'Sure about the song?'),
('50020'+39, 36, 8, 'Zone-GundrakDenofSseratus', 1, 1, '50020'+39, 0, 0, 0, 'Sure about the song?'),
('50020'+39, 37, 4, 'Back..', 1, 1, '50020'+29, 0, 0, 0, ''),
('50020'+40, 1, 8, 'CrystalSongForest', 1, 1, '50020'+40, 0, 0, 0, 'Sure about the song?'),
('50020'+40, 2, 8, 'DalaranCityDay', 1, 1, '50020'+40, 0, 0, 0, 'Sure about the song?'),
('50020'+40, 3, 8, 'DalaranCityNight', 1, 1, '50020'+40, 0, 0, 0, 'Sure about the song?'),
('50020'+40, 4, 8, 'DarkPortal', 1, 1, '50020'+40, 0, 0, 0, 'Sure about the song?'),
('50020'+40, 5, 8, 'test - DarkPortal', 1, 1, '50020'+40, 0, 0, 0, 'Sure about the song?'),
('50020'+40, 6, 8, 'DeadMines', 1, 1, '50020'+40, 0, 0, 0, 'Sure about the song?'),
('50020'+40, 7, 8, 'DeadWindPassDay', 1, 1, '50020'+40, 0, 0, 0, 'Sure about the song?'),
('50020'+40, 8, 8, 'DeadWindPassNight', 1, 1, '50020'+40, 0, 0, 0, 'Sure about the song?'),
('50020'+40, 9, 8, 'DragonblightEmeraldDragonShrine', 1, 1, '50020'+40, 0, 0, 0, 'Sure about the song?'),
('50020'+40, 10, 8, 'DragonBlightGeneralDay', 1, 1, '50020'+40, 0, 0, 0, 'Sure about the song?'),
('50020'+40, 11, 8, 'DragonBlightGeneralNight', 1, 1, '50020'+40, 0, 0, 0, 'Sure about the song?'),
('50020'+40, 12, 8, 'DragonblightPlainsNightday', 1, 1, '50020'+40, 0, 0, 0, 'Sure about the song?'),
('50020'+40, 13, 8, 'EbonHoldStage1_Day', 1, 1, '50020'+40, 0, 0, 0, 'Sure about the song?'),
('50020'+40, 14, 8, 'EbonHoldStage1_Night', 1, 1, '50020'+40, 0, 0, 0, 'Sure about the song?'),
('50020'+40, 15, 8, 'EbonHoldStage2', 1, 1, '50020'+40, 0, 0, 0, 'Sure about the song?'),
('50020'+40, 16, 8, 'EbonHoldStage3', 1, 1, '50020'+40, 0, 0, 0, 'Sure about the song?'),
('50020'+40, 17, 8, 'EbonHoldStage4', 1, 1, '50020'+40, 0, 0, 0, 'Sure about the song?'),
('50020'+40, 18, 8, 'EcoDomeAll', 1, 1, '50020'+40, 0, 0, 0, 'Sure about the song?'),
('50020'+40, 19, 8, 'ForestEnchantedDay', 1, 1, '50020'+40, 0, 0, 0, 'Sure about the song?'),
('50020'+40, 20, 8, 'ForestEnchantedNight', 1, 1, '50020'+40, 0, 0, 0, 'Sure about the song?'),
('50020'+40, 21, 8, 'GlueScreenNightElf', 1, 1, '50020'+40, 0, 0, 0, 'Sure about the song?'),
('50020'+40, 22, 8, 'EversongDay', 1, 1, '50020'+40, 0, 0, 0, 'Sure about the song?'),
('50020'+40, 23, 8, 'EversongNight', 1, 1, '50020'+40, 0, 0, 0, 'Sure about the song?'),
('50020'+40, 24, 8, 'ForestEnchantedDarkDay', 1, 1, '50020'+40, 0, 0, 0, 'Sure about the song?'),
('50020'+40, 25, 8, 'ForestEnchantedDarkNight', 1, 1, '50020'+40, 0, 0, 0, 'Sure about the song?'),
('50020'+40, 26, 4, 'Next page', 1, 1, '50020'+41, 0, 0, 0, ''),
('50020'+40, 27, 4, 'Back..', 1, 1, '50020'+32, 0, 0, 0, ''),
('50020'+41, 1, 8, 'ForestHighDay', 1, 1, '50020'+41, 0, 0, 0, 'Sure about the song?'),
('50020'+41, 2, 8, 'ForestHighNight', 1, 1, '50020'+41, 0, 0, 0, 'Sure about the song?'),
('50020'+41, 3, 8, 'ForestNormalDay', 1, 1, '50020'+41, 0, 0, 0, 'Sure about the song?'),
('50020'+41, 4, 8, 'GlueScreenHuman', 1, 1, '50020'+41, 0, 0, 0, 'Sure about the song?'),
('50020'+41, 5, 8, 'ForestNormalNight', 1, 1, '50020'+41, 0, 0, 0, 'Sure about the song?'),
('50020'+41, 6, 8, 'GarassLandsNight', 1, 1, '50020'+41, 0, 0, 0, 'Sure about the song?'),
('50020'+41, 7, 8, 'ForestScaryDay', 1, 1, '50020'+41, 0, 0, 0, 'Sure about the song?'),
('50020'+41, 8, 8, 'ForestScaryNight', 1, 1, '50020'+41, 0, 0, 0, 'Sure about the song?'),
('50020'+41, 9, 8, 'GlueScreenUndead', 1, 1, '50020'+41, 0, 0, 0, 'Sure about the song?'),
('50020'+41, 10, 8, 'ForestSnowDay', 1, 1, '50020'+41, 0, 0, 0, 'Sure about the song?'),
('50020'+41, 11, 8, 'GlueScreenDwarfGnome', 1, 1, '50020'+41, 0, 0, 0, 'Sure about the song?'),
('50020'+41, 12, 8, 'ForestSnowNight', 1, 1, '50020'+41, 0, 0, 0, 'Sure about the song?'),
('50020'+41, 13, 8, 'GhostlandsDay', 1, 1, '50020'+41, 0, 0, 0, 'Sure about the song?'),
('50020'+41, 14, 8, 'GhostlandsDay2', 1, 1, '50020'+41, 0, 0, 0, 'Sure about the song?'),
('50020'+41, 15, 8, 'GhostlandsNight', 1, 1, '50020'+41, 0, 0, 0, 'Sure about the song?'),
('50020'+41, 16, 8, 'GhostlandsNight2', 1, 1, '50020'+41, 0, 0, 0, 'Sure about the song?'),
('50020'+41, 17, 8, 'GlueScreenTauren', 1, 1, '50020'+41, 0, 0, 0, 'Sure about the song?'),
('50020'+41, 18, 8, 'GrasslandsDay', 1, 1, '50020'+41, 0, 0, 0, 'Sure about the song?'),
('50020'+41, 19, 8, 'GrizzlyHillsDayGeneral', 1, 1, '50020'+41, 0, 0, 0, 'Sure about the song?'),
('50020'+41, 20, 8, 'GrizzlyHillsLumberNightDay', 1, 1, '50020'+41, 0, 0, 0, 'Sure about the song?'),
('50020'+41, 21, 8, 'GrizzlyHillsNightGeneral', 1, 1, '50020'+41, 0, 0, 0, 'Sure about the song?'),
('50020'+41, 22, 8, 'GrizzlyHillsOpenDay', 1, 1, '50020'+41, 0, 0, 0, 'Sure about the song?'),
('50020'+41, 23, 8, 'GrizzlyHillsOpenNight', 1, 1, '50020'+41, 0, 0, 0, 'Sure about the song?'),
('50020'+41, 24, 8, 'Hellfire', 1, 1, '50020'+41, 0, 0, 0, 'Sure about the song?'),
('50020'+41, 25, 8, 'HowlingFjordColdNightDay', 1, 1, '50020'+41, 0, 0, 0, 'Sure about the song?'),
('50020'+41, 26, 4, 'Next page', 1, 1, '50020'+42, 0, 0, 0, ''),
('50020'+41, 27, 4, 'Back..', 1, 1, '50020'+40, 0, 0, 0, ''),
('50020'+42, 1, 8, 'HowlingFjordDay', 1, 1, '50020'+42, 0, 0, 0, 'Sure about the song?'),
('50020'+42, 2, 8, 'EmberGulch', 1, 1, '50020'+42, 0, 0, 0, 'Sure about the song?'),
('50020'+42, 3, 8, 'HowlingFjordNight', 1, 1, '50020'+42, 0, 0, 0, 'Sure about the song?'),
('50020'+42, 4, 8, 'HyjalPastDay', 1, 1, '50020'+42, 0, 0, 0, 'Sure about the song?'),
('50020'+42, 5, 8, 'HyjalPastNight', 1, 1, '50020'+42, 0, 0, 0, 'Sure about the song?'),
('50020'+42, 6, 8, 'IceCrownGlacier', 1, 1, '50020'+42, 0, 0, 0, 'Sure about the song?'),
('50020'+42, 7, 8, 'JungleDay', 1, 1, '50020'+42, 0, 0, 0, 'Sure about the song?'),
('50020'+42, 8, 8, 'JungleNight', 1, 1, '50020'+42, 0, 0, 0, 'Sure about the song?'),
('50020'+42, 9, 8, 'LakeWintergraspDay', 1, 1, '50020'+42, 0, 0, 0, 'Sure about the song?'),
('50020'+42, 10, 8, 'LakeWintergraspNight', 1, 1, '50020'+42, 0, 0, 0, 'Sure about the song?'),
('50020'+42, 11, 8, 'MarshDay', 1, 1, '50020'+42, 0, 0, 0, 'Sure about the song?'),
('50020'+42, 12, 8, 'MarshNight', 1, 1, '50020'+42, 0, 0, 0, 'Sure about the song?'),
('50020'+42, 13, 8, 'NagrandDay', 1, 1, '50020'+42, 0, 0, 0, 'Sure about the song?'),
('50020'+42, 14, 8, 'NagrandNight', 1, 1, '50020'+42, 0, 0, 0, 'Sure about the song?'),
('50020'+42, 15, 8, 'NetherStorm1', 1, 1, '50020'+42, 0, 0, 0, 'Sure about the song?'),
('50020'+42, 16, 8, 'NewHearthglen', 1, 1, '50020'+42, 0, 0, 0, 'Sure about the song?'),
('50020'+42, 17, 8, 'NothrendCoastDayNight', 1, 1, '50020'+42, 0, 0, 0, 'Sure about the song?'),
('50020'+42, 18, 8, 'NorthrendScourgeGeneral', 1, 1, '50020'+42, 0, 0, 0, 'Sure about the song?'),
('50020'+42, 19, 8, 'PlagueLandsDay', 1, 1, '50020'+42, 0, 0, 0, 'Sure about the song?'),
('50020'+42, 20, 8, 'PlagueLandsNight', 1, 1, '50020'+42, 0, 0, 0, 'Sure about the song?'),
('50020'+42, 21, 8, 'PlainsDesertDay', 1, 1, '50020'+42, 0, 0, 0, 'Sure about the song?'),
('50020'+42, 22, 8, 'PlainsDesertNight', 1, 1, '50020'+42, 0, 0, 0, 'Sure about the song?'),
('50020'+42, 23, 8, 'SaltFlatsDay', 1, 1, '50020'+42, 0, 0, 0, 'Sure about the song?'),
('50020'+42, 24, 8, 'SaltFlatsNight', 1, 1, '50020'+42, 0, 0, 0, 'Sure about the song?'),
('50020'+42, 25, 8, 'ScorchLineDay', 1, 1, '50020'+42, 0, 0, 0, 'Sure about the song?'),
('50020'+42, 26, 4, 'Next page', 1, 1, '50020'+43, 0, 0, 0, ''),
('50020'+42, 27, 4, 'Back..', 1, 1, '50020'+41, 0, 0, 0, ''),
('50020'+43, 1, 8, 'ScorchLineNight', 1, 1, '50020'+43, 0, 0, 0, 'Sure about the song?'),
('50020'+43, 2, 8, 'ShadowFang', 1, 1, '50020'+43, 0, 0, 0, 'Sure about the song?'),
('50020'+43, 3, 8, 'ShadowmoonValley1', 1, 1, '50020'+43, 0, 0, 0, 'Sure about the song?'),
('50020'+43, 4, 8, 'ShalandisIsle', 1, 1, '50020'+43, 0, 0, 0, 'Sure about the song?'),
('50020'+43, 5, 8, 'Shattrath', 1, 1, '50020'+43, 0, 0, 0, 'Sure about the song?'),
('50020'+43, 6, 8, 'SholazarBasinDay', 1, 1, '50020'+43, 0, 0, 0, 'Sure about the song?'),
('50020'+43, 7, 8, 'SholazarBasinNight', 1, 1, '50020'+43, 0, 0, 0, 'Sure about the song?'),
('50020'+43, 8, 8, 'SilvermoonRuinsDay', 1, 1, '50020'+43, 0, 0, 0, 'Sure about the song?'),
('50020'+43, 9, 8, 'SilvermoonRuinsNight', 1, 1, '50020'+43, 0, 0, 0, 'Sure about the song?'),
('50020'+43, 10, 8, 'StonewroughtDam', 1, 1, '50020'+43, 0, 0, 0, 'Sure about the song?'),
('50020'+43, 11, 8, 'StormPeaksDayNight', 1, 1, '50020'+43, 0, 0, 0, 'Sure about the song?'),
('50020'+43, 12, 8, 'TerokkarDay', 1, 1, '50020'+43, 0, 0, 0, 'Sure about the song?'),
('50020'+43, 13, 8, 'TerokkarNight', 1, 1, '50020'+43, 0, 0, 0, 'Sure about the song?'),
('50020'+43, 14, 8, 'TheEyeofEternity', 1, 1, '50020'+43, 0, 0, 0, 'Sure about the song?'),
('50020'+43, 15, 8, 'TheVibrantGlade', 1, 1, '50020'+43, 0, 0, 0, 'Sure about the song?'),
('50020'+43, 16, 8, 'UlduarRaid_FreyaExt', 1, 1, '50020'+43, 0, 0, 0, 'Sure about the song?'),
('50020'+43, 17, 8, 'ValianceKeep', 1, 1, '50020'+43, 0, 0, 0, 'Sure about the song?'),
('50020'+43, 18, 8, 'VolcanicDay', 1, 1, '50020'+43, 0, 0, 0, 'Sure about the song?'),
('50020'+43, 19, 8, 'VolcanicNight', 1, 1, '50020'+43, 0, 0, 0, 'Sure about the song?'),
('50020'+43, 20, 8, 'WestfallDay', 1, 1, '50020'+43, 0, 0, 0, 'Sure about the song?'),
('50020'+43, 21, 8, 'WestfallNight', 1, 1, '50020'+43, 0, 0, 0, 'Sure about the song?'),
('50020'+43, 22, 8, 'SwampDay', 1, 1, '50020'+43, 0, 0, 0, 'Sure about the song?'),
('50020'+43, 23, 8, 'SwampNight', 1, 1, '50020'+43, 0, 0, 0, 'Sure about the song?'),
('50020'+43, 24, 8, 'WhisperGulchNightDay', 1, 1, '50020'+43, 0, 0, 0, 'Sure about the song?'),
('50020'+43, 25, 8, 'ZangarMarsh1', 1, 1, '50020'+43, 0, 0, 0, 'Sure about the song?'),
('50020'+43, 26, 8, 'ZangarMarsh2', 1, 1, '50020'+43, 0, 0, 0, 'Sure about the song?'),
('50020'+43, 27, 8, 'ZangarMarsh3', 1, 1, '50020'+43, 0, 0, 0, 'Sure about the song?'),
('50020'+43, 28, 8, 'ZulDrakGeneralDay', 1, 1, '50020'+43, 0, 0, 0, 'Sure about the song?'),
('50020'+43, 29, 8, 'ZulDrakGeneralNight', 1, 1, '50020'+43, 0, 0, 0, 'Sure about the song?'),
('50020'+43, 30, 4, 'Back..', 1, 1, '50020'+42, 0, 0, 0, ''),
('50020'+44, 1, 8, 'Zone-WintergraspCombat', 1, 1, '50020'+44, 0, 0, 0, 'Sure about the song?'),
('50020'+44, 2, 8, 'Zone-WintergraspContested', 1, 1, '50020'+44, 0, 0, 0, 'Sure about the song?'),
('50020'+44, 3, 8, 'Zone-UtgardeE', 1, 1, '50020'+44, 0, 0, 0, 'Sure about the song?'),
('50020'+44, 4, 8, 'Zone-HowlingFjordDay', 1, 1, '50020'+44, 0, 0, 0, 'Sure about the song?'),
('50020'+44, 5, 8, 'Zone-HowlingFjordNight', 1, 1, '50020'+44, 0, 0, 0, 'Sure about the song?'),
('50020'+44, 6, 8, 'Momment-BloodmystNaga', 1, 1, '50020'+44, 0, 0, 0, 'Sure about the song?'),
('50020'+44, 7, 8, 'Intro-BloodmystNaga', 1, 1, '50020'+44, 0, 0, 0, 'Sure about the song?'),
('50020'+44, 8, 8, 'Zone-BloodmystSatyrWalkingUni', 1, 1, '50020'+44, 0, 0, 0, 'Sure about the song?'),
('50020'+44, 9, 8, 'Zone-BladesedgeDryForest', 1, 1, '50020'+44, 0, 0, 0, 'Sure about the song?'),
('50020'+44, 10, 8, 'Zone-BladesEdge', 1, 1, '50020'+44, 0, 0, 0, 'Sure about the song?'),
('50020'+44, 11, 8, 'Zone-BladesEdge OgreWalking', 1, 1, '50020'+44, 0, 0, 0, 'Sure about the song?'),
('50020'+44, 12, 8, 'Zone-ZulamanWalkingUni', 1, 1, '50020'+44, 0, 0, 0, 'Sure about the song?'),
('50020'+44, 13, 8, 'Zone-ZulamanBosses', 1, 1, '50020'+44, 0, 0, 0, 'Sure about the song?'),
('50020'+44, 14, 8, 'Event_ZulamanCelebration', 1, 1, '50020'+44, 0, 0, 0, 'Sure about the song?'),
('50020'+44, 15, 8, 'Zone-ZangarmarshCoilfangWalk', 1, 1, '50020'+44, 0, 0, 0, 'Sure about the song?'),
('50020'+44, 16, 8, 'Zone-ZangarMarsh', 1, 1, '50020'+44, 0, 0, 0, 'Sure about the song?'),
('50020'+44, 17, 4, 'Back..', 1, 1, '50020'+33, 0, 0, 0, ''),
('50020'+45, 1, 8, 'IC_GeneralIntro_01.mp3', 1, 1, '50020'+45, 0, 0, 0, 'Sure about the song?'),
('50020'+45, 2, 8, 'IC_GeneralWalk_Night04.mp3', 1, 1, '50020'+45, 0, 0, 0, 'Sure about the song?'),
('50020'+45, 3, 8, 'NR_Dwarf_GeneralWalkA_Day01.mp3', 1, 1, '50020'+45, 0, 0, 0, 'Sure about the song?'),
('50020'+45, 4, 8, 'NR_Dwarf_GeneralWalkCDark_Uni04.mp3', 1, 1, '50020'+45, 0, 0, 0, 'Sure about the song?'),
('50020'+45, 5, 8, 'NR_NorthrendTransportGeneralDay.mp3', 1, 1, '50020'+45, 0, 0, 0, 'Sure about the song?'),
('50020'+45, 6, 8, 'NR_Orc_General_Intro01.mp3', 1, 1, '50020'+45, 0, 0, 0, 'Sure about the song?'),
('50020'+45, 7, 8, 'NR_Taunka_GeneralWalkA_Day01.mp3', 1, 1, '50020'+45, 0, 0, 0, 'Sure about the song?'),
('50020'+45, 8, 8, 'NR_Taunka_GeneralWalkE_Uni03.mp3', 1, 1, '50020'+45, 0, 0, 0, 'Sure about the song?'),
('50020'+45, 9, 8, 'NR_Troll_General01.mp3', 1, 1, '50020'+45, 0, 0, 0, 'Sure about the song?'),
('50020'+45, 10, 8, 'NZ_NexusActionWalkUni01.mp3', 1, 1, '50020'+45, 0, 0, 0, 'Sure about the song?'),
('50020'+45, 11, 8, 'NZ_NexusQuietWalkUni02.mp3', 1, 1, '50020'+45, 0, 0, 0, 'Sure about the song?'),
('50020'+45, 12, 8, 'SB_CrystalsWalkUni01.mp3', 1, 1, '50020'+45, 0, 0, 0, 'Sure about the song?'),
('50020'+45, 13, 8, 'SB_MakersTerraceWalkUni02.mp3', 1, 1, '50020'+45, 0, 0, 0, 'Sure about the song?'),
('50020'+45, 14, 8, 'SB_SholazarWalkNight02.mp3', 1, 1, '50020'+45, 0, 0, 0, 'Sure about the song?'),
('50020'+45, 15, 8, 'SP_GeneralWalkA_Day01.mp3', 1, 1, '50020'+45, 0, 0, 0, 'Sure about the song?'),
('50020'+45, 16, 8, 'SP_GeneralWalkD_Night04.mp3', 1, 1, '50020'+45, 0, 0, 0, 'Sure about the song?'),
('50020'+45, 17, 8, 'SP_TempleOfStormsActionUni01.mp3', 1, 1, '50020'+45, 0, 0, 0, 'Sure about the song?'),
('50020'+45, 18, 8, 'tempmono.wav', 1, 1, '50020'+45, 0, 0, 0, 'Sure about the song?'),
('50020'+45, 19, 8, 'UK_GeneralWalkUni01.mp3', 1, 1, '50020'+45, 0, 0, 0, 'Sure about the song?'),
('50020'+45, 20, 8, 'UL_LightningBattleWalk.mp3', 1, 1, '50020'+45, 0, 0, 0, 'Sure about the song?'),
('50020'+45, 21, 8, 'VH_GeneralWalkUni01.mp3', 1, 1, '50020'+45, 0, 0, 0, 'Sure about the song?'),
('50020'+45, 22, 8, 'WG_Contested_01.mp3', 1, 1, '50020'+45, 0, 0, 0, 'Sure about the song?'),
('50020'+45, 23, 8, 'ZD_GeneralIntro_01.mp3', 1, 1, '50020'+45, 0, 0, 0, 'Sure about the song?'),
('50020'+45, 24, 8, 'ZD_GeneralWalk_Night01.mp3', 1, 1, '50020'+45, 0, 0, 0, 'Sure about the song?'),
('50020'+45, 25, 8, 'ZD_Rhunok_Intro01.mp3', 1, 1, '50020'+45, 0, 0, 0, 'Sure about the song?'),
('50020'+45, 26, 4, 'Back..', 1, 1, '50020'+34, 0, 0, 0, '');


INSERT INTO smart_scripts (entryorguid, source_type, id, link, event_type, event_phase_mask, event_chance, event_flags, event_param1, event_param2, event_param3, event_param4, action_type, action_param1, action_param2, action_param3, action_param4, action_param5, action_param6, target_type, target_param1, target_param2, target_param3, target_x, target_y, target_z, target_o, comment) VALUES
('300001', 0, 1, 0, 62, 0, 100, 0, '50020'+45, 1, 0, 0, 4, 14863, 0, 0, 0, 0, 0, 1, 0, 0, 0, 0, 0, 0, 0, 'Jukebox script'),
('300001', 0, 2, 0, 62, 0, 100, 0, '50020'+44, 1, 0, 0, 4, 14869, 0, 0, 0, 0, 0, 1, 0, 0, 0, 0, 0, 0, 0, 'Jukebox script'),
('300001', 0, 3, 0, 62, 0, 100, 0, '50020'+34, 1, 0, 0, 4, 14829, 0, 0, 0, 0, 0, 1, 0, 0, 0, 0, 0, 0, 0, 'Jukebox script'),
('300001', 0, 4, 0, 62, 0, 100, 0, '50020'+33, 1, 0, 0, 4, 15064, 0, 0, 0, 0, 0, 1, 0, 0, 0, 0, 0, 0, 0, 'Jukebox script'),
('300001', 0, 5, 0, 62, 0, 100, 0, '50020'+42, 1, 0, 0, 4, 11838, 0, 0, 0, 0, 0, 1, 0, 0, 0, 0, 0, 0, 0, 'Jukebox script'),
('300001', 0, 6, 0, 62, 0, 100, 0, '50020'+43, 1, 0, 0, 4, 8696, 0, 0, 0, 0, 0, 1, 0, 0, 0, 0, 0, 0, 0, 'Jukebox script'),
('300001', 0, 7, 0, 62, 0, 100, 0, '50020'+41, 1, 0, 0, 4, 4176, 0, 0, 0, 0, 0, 1, 0, 0, 0, 0, 0, 0, 0, 'Jukebox script'),
('300001', 0, 8, 0, 62, 0, 100, 0, '50020'+40, 1, 0, 0, 4, 13113, 0, 0, 0, 0, 0, 1, 0, 0, 0, 0, 0, 0, 0, 'Jukebox script'),
('300001', 0, 9, 0, 62, 0, 100, 0, '50020'+32, 1, 0, 0, 4, 8670, 0, 0, 0, 0, 0, 1, 0, 0, 0, 0, 0, 0, 0, 'Jukebox script'),
('300001', 0, 10, 0, 62, 0, 100, 0, '50020'+31, 1, 0, 0, 4, 12924, 0, 0, 0, 0, 0, 1, 0, 0, 0, 0, 0, 0, 0, 'Jukebox script'),
('300001', 0, 11, 0, 62, 0, 100, 0, '50020'+30, 1, 0, 0, 4, 13806, 0, 0, 0, 0, 0, 1, 0, 0, 0, 0, 0, 0, 0, 'Jukebox script'),
('300001', 0, 12, 0, 62, 0, 100, 0, '50020'+29, 1, 0, 0, 4, 15050, 0, 0, 0, 0, 0, 1, 0, 0, 0, 0, 0, 0, 0, 'Jukebox script'),
('300001', 0, 13, 0, 62, 0, 100, 0, '50020'+28, 1, 0, 0, 4, 8531, 0, 0, 0, 0, 0, 1, 0, 0, 0, 0, 0, 0, 0, 'Jukebox script'),
('300001', 0, 14, 0, 62, 0, 100, 0, '50020'+27, 1, 0, 0, 4, 15127, 0, 0, 0, 0, 0, 1, 0, 0, 0, 0, 0, 0, 0, 'Jukebox script'),
('300001', 0, 15, 0, 62, 0, 100, 0, '50020'+26, 1, 0, 0, 4, 11770, 0, 0, 0, 0, 0, 1, 0, 0, 0, 0, 0, 0, 0, 'Jukebox script'),
('300001', 0, 16, 0, 62, 0, 100, 0, '50020'+25, 1, 0, 0, 4, 7474, 0, 0, 0, 0, 0, 1, 0, 0, 0, 0, 0, 0, 0, 'Jukebox script'),
('300001', 0, 17, 0, 62, 0, 100, 0, '50020'+24, 1, 0, 0, 4, 11709, 0, 0, 0, 0, 0, 1, 0, 0, 0, 0, 0, 0, 0, 'Jukebox script'),
('300001', 0, 18, 0, 62, 0, 100, 0, '50020'+23, 1, 0, 0, 4, 14958, 0, 0, 0, 0, 0, 1, 0, 0, 0, 0, 0, 0, 0, 'Jukebox script'),
('300001', 0, 19, 0, 62, 0, 100, 0, '50020'+22, 1, 0, 0, 4, 10773, 0, 0, 0, 0, 0, 1, 0, 0, 0, 0, 0, 0, 0, 'Jukebox script'),
('300001', 0, 20, 0, 62, 0, 100, 0, '50020'+21, 1, 0, 0, 4, 15077, 0, 0, 0, 0, 0, 1, 0, 0, 0, 0, 0, 0, 0, 'Jukebox script'),
('300001', 0, 21, 0, 62, 0, 100, 0, '50020'+20, 1, 0, 0, 4, 8014, 0, 0, 0, 0, 0, 1, 0, 0, 0, 0, 0, 0, 0, 'Jukebox script'),
('300001', 0, 22, 0, 62, 0, 100, 0, '50020'+19, 1, 0, 0, 4, 14906, 0, 0, 0, 0, 0, 1, 0, 0, 0, 0, 0, 0, 0, 'Jukebox script'),
('300001', 0, 23, 0, 62, 0, 100, 0, '50020'+18, 1, 0, 0, 4, 15123, 0, 0, 0, 0, 0, 1, 0, 0, 0, 0, 0, 0, 0, 'Jukebox script'),
('300001', 0, 24, 0, 62, 0, 100, 0, '50020'+17, 1, 0, 0, 4, 9795, 0, 0, 0, 0, 0, 1, 0, 0, 0, 0, 0, 0, 0, 'Jukebox script'),
('300001', 0, 25, 0, 62, 0, 100, 0, '50020'+16, 1, 0, 0, 4, 10857, 0, 0, 0, 0, 0, 1, 0, 0, 0, 0, 0, 0, 0, 'Jukebox script'),
('300001', 0, 26, 0, 62, 0, 100, 0, '50020'+15, 1, 0, 0, 4, 12816, 0, 0, 0, 0, 0, 1, 0, 0, 0, 0, 0, 0, 0, 'Jukebox script'),
('300001', 0, 27, 0, 62, 0, 100, 0, '50020'+14, 1, 0, 0, 4, 12162, 0, 0, 0, 0, 0, 1, 0, 0, 0, 0, 0, 0, 0, 'Jukebox script'),
('300001', 0, 28, 0, 62, 0, 100, 0, '50020'+13, 1, 0, 0, 4, 8888, 0, 0, 0, 0, 0, 1, 0, 0, 0, 0, 0, 0, 0, 'Jukebox script'),
('300001', 0, 29, 0, 62, 0, 100, 0, '50020'+12, 1, 0, 0, 4, 15048, 0, 0, 0, 0, 0, 1, 0, 0, 0, 0, 0, 0, 0, 'Jukebox script'),
('300001', 0, 30, 0, 62, 0, 100, 0, '50020'+11, 1, 0, 0, 4, 10729, 0, 0, 0, 0, 0, 1, 0, 0, 0, 0, 0, 0, 0, 'Jukebox script'),
('300001', 0, 31, 0, 62, 0, 100, 0, '50020'+10, 1, 0, 0, 4, 14898, 0, 0, 0, 0, 0, 1, 0, 0, 0, 0, 0, 0, 0, 'Jukebox script'),
('300001', 0, 32, 0, 62, 0, 100, 0, '50020'+9, 1, 0, 0, 4, 14929, 0, 0, 0, 0, 0, 1, 0, 0, 0, 0, 0, 0, 0, 'Jukebox script'),
('300001', 0, 33, 0, 62, 0, 100, 0, '50020'+8, 1, 0, 0, 4, 12530, 0, 0, 0, 0, 0, 1, 0, 0, 0, 0, 0, 0, 0, 'Jukebox script'),
('300001', 0, 34, 0, 62, 0, 100, 0, '50020'+7, 1, 0, 0, 4, 2525, 0, 0, 0, 0, 0, 1, 0, 0, 0, 0, 0, 0, 0, 'Jukebox script'),
('300001', 0, 35, 0, 62, 0, 100, 0, '50020'+38, 1, 0, 0, 4, 5334, 0, 0, 0, 0, 0, 1, 0, 0, 0, 0, 0, 0, 0, 'Jukebox script'),
('300001', 0, 36, 0, 62, 0, 100, 0, '50020'+6, 1, 0, 0, 4, 5074, 0, 0, 0, 0, 0, 1, 0, 0, 0, 0, 0, 0, 0, 'Jukebox script'),
('300001', 0, 37, 0, 62, 0, 100, 0, '50020'+5, 1, 0, 0, 4, 8493, 0, 0, 0, 0, 0, 1, 0, 0, 0, 0, 0, 0, 0, 'Jukebox script'),
('300001', 0, 38, 0, 62, 0, 100, 0, '50020'+4, 1, 0, 0, 4, 11803, 0, 0, 0, 0, 0, 1, 0, 0, 0, 0, 0, 0, 0, 'Jukebox script'),
('300001', 0, 39, 0, 62, 0, 100, 0, '50020'+3, 1, 0, 0, 4, 15852, 0, 0, 0, 0, 0, 1, 0, 0, 0, 0, 0, 0, 0, 'Jukebox script'),
('300001', 0, 40, 0, 62, 0, 100, 0, '50020'+37, 1, 0, 0, 4, 17284, 0, 0, 0, 0, 0, 1, 0, 0, 0, 0, 0, 0, 0, 'Jukebox script'),
('300001', 0, 41, 0, 62, 0, 100, 0, '50020'+2, 1, 0, 0, 4, 13803, 0, 0, 0, 0, 0, 1, 0, 0, 0, 0, 0, 0, 0, 'Jukebox script'),
('300001', 0, 42, 0, 62, 0, 100, 0, '50020'+1, 1, 0, 0, 4, 14939, 0, 0, 0, 0, 0, 1, 0, 0, 0, 0, 0, 0, 0, 'Jukebox script'),
('300001', 0, 43, 0, 62, 0, 100, 0, '50020'+45, 2, 0, 0, 4, 14864, 0, 0, 0, 0, 0, 1, 0, 0, 0, 0, 0, 0, 0, 'Jukebox script'),
('300001', 0, 44, 0, 62, 0, 100, 0, '50020'+44, 2, 0, 0, 4, 14912, 0, 0, 0, 0, 0, 1, 0, 0, 0, 0, 0, 0, 0, 'Jukebox script'),
('300001', 0, 45, 0, 62, 0, 100, 0, '50020'+34, 2, 0, 0, 4, 14830, 0, 0, 0, 0, 0, 1, 0, 0, 0, 0, 0, 0, 0, 'Jukebox script'),
('300001', 0, 46, 0, 62, 0, 100, 0, '50020'+33, 2, 0, 0, 4, 15067, 0, 0, 0, 0, 0, 1, 0, 0, 0, 0, 0, 0, 0, 'Jukebox script'),
('300001', 0, 47, 0, 62, 0, 100, 0, '50020'+42, 2, 0, 0, 4, 11878, 0, 0, 0, 0, 0, 1, 0, 0, 0, 0, 0, 0, 0, 'Jukebox script'),
('300001', 0, 48, 0, 62, 0, 100, 0, '50020'+43, 2, 0, 0, 4, 4221, 0, 0, 0, 0, 0, 1, 0, 0, 0, 0, 0, 0, 0, 'Jukebox script'),
('300001', 0, 49, 0, 62, 0, 100, 0, '50020'+41, 2, 0, 0, 4, 4177, 0, 0, 0, 0, 0, 1, 0, 0, 0, 0, 0, 0, 0, 'Jukebox script'),
('300001', 0, 50, 0, 62, 0, 100, 0, '50020'+40, 2, 0, 0, 4, 13316, 0, 0, 0, 0, 0, 1, 0, 0, 0, 0, 0, 0, 0, 'Jukebox script'),
('300001', 0, 51, 0, 62, 0, 100, 0, '50020'+32, 2, 0, 0, 4, 8530, 0, 0, 0, 0, 0, 1, 0, 0, 0, 0, 0, 0, 0, 'Jukebox script'),
('300001', 0, 52, 0, 62, 0, 100, 0, '50020'+31, 2, 0, 0, 4, 15925, 0, 0, 0, 0, 0, 1, 0, 0, 0, 0, 0, 0, 0, 'Jukebox script'),
('300001', 0, 53, 0, 62, 0, 100, 0, '50020'+30, 2, 0, 0, 4, 13804, 0, 0, 0, 0, 0, 1, 0, 0, 0, 0, 0, 0, 0, 'Jukebox script'),
('300001', 0, 54, 0, 62, 0, 100, 0, '50020'+29, 2, 0, 0, 4, 11703, 0, 0, 0, 0, 0, 1, 0, 0, 0, 0, 0, 0, 0, 'Jukebox script'),
('300001', 0, 55, 0, 62, 0, 100, 0, '50020'+28, 2, 0, 0, 4, 8563, 0, 0, 0, 0, 0, 1, 0, 0, 0, 0, 0, 0, 0, 'Jukebox script'),
('300001', 0, 56, 0, 62, 0, 100, 0, '50020'+27, 2, 0, 0, 4, 15096, 0, 0, 0, 0, 0, 1, 0, 0, 0, 0, 0, 0, 0, 'Jukebox script'),
('300001', 0, 57, 0, 62, 0, 100, 0, '50020'+26, 2, 0, 0, 4, 10898, 0, 0, 0, 0, 0, 1, 0, 0, 0, 0, 0, 0, 0, 'Jukebox script'),
('300001', 0, 58, 0, 62, 0, 100, 0, '50020'+25, 2, 0, 0, 4, 2526, 0, 0, 0, 0, 0, 1, 0, 0, 0, 0, 0, 0, 0, 'Jukebox script'),
('300001', 0, 59, 0, 62, 0, 100, 0, '50020'+24, 2, 0, 0, 4, 11696, 0, 0, 0, 0, 0, 1, 0, 0, 0, 0, 0, 0, 0, 'Jukebox script'),
('300001', 0, 60, 0, 62, 0, 100, 0, '50020'+23, 2, 0, 0, 4, 12746, 0, 0, 0, 0, 0, 1, 0, 0, 0, 0, 0, 0, 0, 'Jukebox script'),
('300001', 0, 61, 0, 62, 0, 100, 0, '50020'+22, 2, 0, 0, 4, 10900, 0, 0, 0, 0, 0, 1, 0, 0, 0, 0, 0, 0, 0, 'Jukebox script'),
('300001', 0, 62, 0, 62, 0, 100, 0, '50020'+21, 2, 0, 0, 4, 15078, 0, 0, 0, 0, 0, 1, 0, 0, 0, 0, 0, 0, 0, 'Jukebox script'),
('300001', 0, 63, 0, 62, 0, 100, 0, '50020'+20, 2, 0, 0, 4, 5455, 0, 0, 0, 0, 0, 1, 0, 0, 0, 0, 0, 0, 0, 'Jukebox script'),
('300001', 0, 64, 0, 62, 0, 100, 0, '50020'+19, 2, 0, 0, 4, 14907, 0, 0, 0, 0, 0, 1, 0, 0, 0, 0, 0, 0, 0, 'Jukebox script'),
('300001', 0, 65, 0, 62, 0, 100, 0, '50020'+18, 2, 0, 0, 4, 12744, 0, 0, 0, 0, 0, 1, 0, 0, 0, 0, 0, 0, 0, 'Jukebox script'),
('300001', 0, 66, 0, 62, 0, 100, 0, '50020'+17, 2, 0, 0, 4, 9796, 0, 0, 0, 0, 0, 1, 0, 0, 0, 0, 0, 0, 0, 'Jukebox script'),
('300001', 0, 67, 0, 62, 0, 100, 0, '50020'+16, 2, 0, 0, 4, 10869, 0, 0, 0, 0, 0, 1, 0, 0, 0, 0, 0, 0, 0, 'Jukebox script'),
('300001', 0, 68, 0, 62, 0, 100, 0, '50020'+15, 2, 0, 0, 4, 12817, 0, 0, 0, 0, 0, 1, 0, 0, 0, 0, 0, 0, 0, 'Jukebox script'),
('300001', 0, 69, 0, 62, 0, 100, 0, '50020'+14, 2, 0, 0, 4, 12157, 0, 0, 0, 0, 0, 1, 0, 0, 0, 0, 0, 0, 0, 'Jukebox script'),
('300001', 0, 70, 0, 62, 0, 100, 0, '50020'+13, 2, 0, 0, 4, 8883, 0, 0, 0, 0, 0, 1, 0, 0, 0, 0, 0, 0, 0, 'Jukebox script'),
('300001', 0, 71, 0, 62, 0, 100, 0, '50020'+12, 2, 0, 0, 4, 15091, 0, 0, 0, 0, 0, 1, 0, 0, 0, 0, 0, 0, 0, 'Jukebox script'),
('300001', 0, 72, 0, 62, 0, 100, 0, '50020'+11, 2, 0, 0, 4, 9991, 0, 0, 0, 0, 0, 1, 0, 0, 0, 0, 0, 0, 0, 'Jukebox script'),
('300001', 0, 73, 0, 62, 0, 100, 0, '50020'+10, 2, 0, 0, 4, 14897, 0, 0, 0, 0, 0, 1, 0, 0, 0, 0, 0, 0, 0, 'Jukebox script'),
('300001', 0, 74, 0, 62, 0, 100, 0, '50020'+9, 2, 0, 0, 4, 14928, 0, 0, 0, 0, 0, 1, 0, 0, 0, 0, 0, 0, 0, 'Jukebox script'),
('300001', 0, 75, 0, 62, 0, 100, 0, '50020'+8, 2, 0, 0, 4, 12531, 0, 0, 0, 0, 0, 1, 0, 0, 0, 0, 0, 0, 0, 'Jukebox script'),
('300001', 0, 76, 0, 62, 0, 100, 0, '50020'+7, 2, 0, 0, 4, 2535, 0, 0, 0, 0, 0, 1, 0, 0, 0, 0, 0, 0, 0, 'Jukebox script'),
('300001', 0, 77, 0, 62, 0, 100, 0, '50020'+38, 2, 0, 0, 4, 7318, 0, 0, 0, 0, 0, 1, 0, 0, 0, 0, 0, 0, 0, 'Jukebox script'),
('300001', 0, 78, 0, 62, 0, 100, 0, '50020'+6, 2, 0, 0, 4, 6080, 0, 0, 0, 0, 0, 1, 0, 0, 0, 0, 0, 0, 0, 'Jukebox script'),
('300001', 0, 79, 0, 62, 0, 100, 0, '50020'+5, 2, 0, 0, 4, 6669, 0, 0, 0, 0, 0, 1, 0, 0, 0, 0, 0, 0, 0, 'Jukebox script'),
('300001', 0, 80, 0, 62, 0, 100, 0, '50020'+4, 2, 0, 0, 4, 11810, 0, 0, 0, 0, 0, 1, 0, 0, 0, 0, 0, 0, 0, 'Jukebox script'),
('300001', 0, 81, 0, 62, 0, 100, 0, '50020'+3, 2, 0, 0, 4, 15853, 0, 0, 0, 0, 0, 1, 0, 0, 0, 0, 0, 0, 0, 'Jukebox script'),
('300001', 0, 82, 0, 62, 0, 100, 0, '50020'+37, 2, 0, 0, 4, 17309, 0, 0, 0, 0, 0, 1, 0, 0, 0, 0, 0, 0, 0, 'Jukebox script'),
('300001', 0, 83, 0, 62, 0, 100, 0, '50020'+2, 2, 0, 0, 4, 13801, 0, 0, 0, 0, 0, 1, 0, 0, 0, 0, 0, 0, 0, 'Jukebox script'),
('300001', 0, 84, 0, 62, 0, 100, 0, '50020'+1, 2, 0, 0, 4, 14942, 0, 0, 0, 0, 0, 1, 0, 0, 0, 0, 0, 0, 0, 'Jukebox script'),
('300001', 0, 85, 0, 62, 0, 100, 0, '50020'+45, 3, 0, 0, 4, 14832, 0, 0, 0, 0, 0, 1, 0, 0, 0, 0, 0, 0, 0, 'Jukebox script'),
('300001', 0, 86, 0, 62, 0, 100, 0, '50020'+44, 3, 0, 0, 4, 15066, 0, 0, 0, 0, 0, 1, 0, 0, 0, 0, 0, 0, 0, 'Jukebox script'),
('300001', 0, 87, 0, 62, 0, 100, 0, '50020'+34, 3, 0, 0, 4, 14831, 0, 0, 0, 0, 0, 1, 0, 0, 0, 0, 0, 0, 0, 'Jukebox script'),
('300001', 0, 88, 0, 62, 0, 100, 0, '50020'+33, 3, 0, 0, 4, 15063, 0, 0, 0, 0, 0, 1, 0, 0, 0, 0, 0, 0, 0, 'Jukebox script'),
('300001', 0, 89, 0, 62, 0, 100, 0, '50020'+42, 3, 0, 0, 4, 11839, 0, 0, 0, 0, 0, 1, 0, 0, 0, 0, 0, 0, 0, 'Jukebox script'),
('300001', 0, 90, 0, 62, 0, 100, 0, '50020'+43, 3, 0, 0, 4, 10000, 0, 0, 0, 0, 0, 1, 0, 0, 0, 0, 0, 0, 0, 'Jukebox script'),
('300001', 0, 91, 0, 62, 0, 100, 0, '50020'+41, 3, 0, 0, 4, 4183, 0, 0, 0, 0, 0, 1, 0, 0, 0, 0, 0, 0, 0, 'Jukebox script'),
('300001', 0, 92, 0, 62, 0, 100, 0, '50020'+40, 3, 0, 0, 4, 13317, 0, 0, 0, 0, 0, 1, 0, 0, 0, 0, 0, 0, 0, 'Jukebox script'),
('300001', 0, 93, 0, 62, 0, 100, 0, '50020'+32, 3, 0, 0, 4, 9051, 0, 0, 0, 0, 0, 1, 0, 0, 0, 0, 0, 0, 0, 'Jukebox script'),
('300001', 0, 94, 0, 62, 0, 100, 0, '50020'+31, 3, 0, 0, 4, 8535, 0, 0, 0, 0, 0, 1, 0, 0, 0, 0, 0, 0, 0, 'Jukebox script'),
('300001', 0, 95, 0, 62, 0, 100, 0, '50020'+30, 3, 0, 0, 4, 13805, 0, 0, 0, 0, 0, 1, 0, 0, 0, 0, 0, 0, 0, 'Jukebox script'),
('300001', 0, 96, 0, 62, 0, 100, 0, '50020'+29, 3, 0, 0, 4, 11697, 0, 0, 0, 0, 0, 1, 0, 0, 0, 0, 0, 0, 0, 'Jukebox script'),
('300001', 0, 97, 0, 62, 0, 100, 0, '50020'+28, 3, 0, 0, 4, 8579, 0, 0, 0, 0, 0, 1, 0, 0, 0, 0, 0, 0, 0, 'Jukebox script'),
('300001', 0, 98, 0, 62, 0, 100, 0, '50020'+27, 3, 0, 0, 4, 15098, 0, 0, 0, 0, 0, 1, 0, 0, 0, 0, 0, 0, 0, 'Jukebox script'),
('300001', 0, 99, 0, 62, 0, 100, 0, '50020'+26, 3, 0, 0, 4, 9971, 0, 0, 0, 0, 0, 1, 0, 0, 0, 0, 0, 0, 0, 'Jukebox script'),
('300001', 0, 100, 0, 62, 0, 100, 0, '50020'+25, 3, 0, 0, 4, 2536, 0, 0, 0, 0, 0, 1, 0, 0, 0, 0, 0, 0, 0, 'Jukebox script'),
('300001', 0, 101, 0, 62, 0, 100, 0, '50020'+24, 3, 0, 0, 4, 11699, 0, 0, 0, 0, 0, 1, 0, 0, 0, 0, 0, 0, 0, 'Jukebox script'),
('300001', 0, 102, 0, 62, 0, 100, 0, '50020'+23, 3, 0, 0, 4, 15049, 0, 0, 0, 0, 0, 1, 0, 0, 0, 0, 0, 0, 0, 'Jukebox script'),
('300001', 0, 103, 0, 62, 0, 100, 0, '50020'+22, 3, 0, 0, 4, 10764, 0, 0, 0, 0, 0, 1, 0, 0, 0, 0, 0, 0, 0, 'Jukebox script'),
('300001', 0, 104, 0, 62, 0, 100, 0, '50020'+21, 3, 0, 0, 4, 15075, 0, 0, 0, 0, 0, 1, 0, 0, 0, 0, 0, 0, 0, 'Jukebox script'),
('300001', 0, 105, 0, 62, 0, 100, 0, '50020'+20, 3, 0, 0, 4, 5456, 0, 0, 0, 0, 0, 1, 0, 0, 0, 0, 0, 0, 0, 'Jukebox script'),
('300001', 0, 106, 0, 62, 0, 100, 0, '50020'+19, 3, 0, 0, 4, 14908, 0, 0, 0, 0, 0, 1, 0, 0, 0, 0, 0, 0, 0, 'Jukebox script'),
('300001', 0, 107, 0, 62, 0, 100, 0, '50020'+18, 3, 0, 0, 4, 12745, 0, 0, 0, 0, 0, 1, 0, 0, 0, 0, 0, 0, 0, 'Jukebox script'),
('300001', 0, 108, 0, 62, 0, 100, 0, '50020'+17, 3, 0, 0, 4, 9797, 0, 0, 0, 0, 0, 1, 0, 0, 0, 0, 0, 0, 0, 'Jukebox script'),
('300001', 0, 109, 0, 62, 0, 100, 0, '50020'+16, 3, 0, 0, 4, 9803, 0, 0, 0, 0, 0, 1, 0, 0, 0, 0, 0, 0, 0, 'Jukebox script'),
('300001', 0, 110, 0, 62, 0, 100, 0, '50020'+15, 3, 0, 0, 4, 15035, 0, 0, 0, 0, 0, 1, 0, 0, 0, 0, 0, 0, 0, 'Jukebox script'),
('300001', 0, 111, 0, 62, 0, 100, 0, '50020'+14, 3, 0, 0, 4, 12156, 0, 0, 0, 0, 0, 1, 0, 0, 0, 0, 0, 0, 0, 'Jukebox script'),
('300001', 0, 112, 0, 62, 0, 100, 0, '50020'+13, 3, 0, 0, 4, 8890, 0, 0, 0, 0, 0, 1, 0, 0, 0, 0, 0, 0, 0, 'Jukebox script'),
('300001', 0, 113, 0, 62, 0, 100, 0, '50020'+12, 3, 0, 0, 4, 12802, 0, 0, 0, 0, 0, 1, 0, 0, 0, 0, 0, 0, 0, 'Jukebox script'),
('300001', 0, 114, 0, 62, 0, 100, 0, '50020'+11, 3, 0, 0, 4, 9150, 0, 0, 0, 0, 0, 1, 0, 0, 0, 0, 0, 0, 0, 'Jukebox script'),
('300001', 0, 115, 0, 62, 0, 100, 0, '50020'+10, 3, 0, 0, 4, 14904, 0, 0, 0, 0, 0, 1, 0, 0, 0, 0, 0, 0, 0, 'Jukebox script'),
('300001', 0, 116, 0, 62, 0, 100, 0, '50020'+9, 3, 0, 0, 4, 14926, 0, 0, 0, 0, 0, 1, 0, 0, 0, 0, 0, 0, 0, 'Jukebox script'),
('300001', 0, 117, 0, 62, 0, 100, 0, '50020'+8, 3, 0, 0, 4, 12539, 0, 0, 0, 0, 0, 1, 0, 0, 0, 0, 0, 0, 0, 'Jukebox script'),
('300001', 0, 118, 0, 62, 0, 100, 0, '50020'+7, 3, 0, 0, 4, 2527, 0, 0, 0, 0, 0, 1, 0, 0, 0, 0, 0, 0, 0, 'Jukebox script'),
('300001', 0, 119, 0, 62, 0, 100, 0, '50020'+38, 3, 0, 0, 4, 7319, 0, 0, 0, 0, 0, 1, 0, 0, 0, 0, 0, 0, 0, 'Jukebox script'),
('300001', 0, 120, 0, 62, 0, 100, 0, '50020'+6, 3, 0, 0, 4, 7076, 0, 0, 0, 0, 0, 1, 0, 0, 0, 0, 0, 0, 0, 'Jukebox script'),
('300001', 0, 121, 0, 62, 0, 100, 0, '50020'+5, 3, 0, 0, 4, 9008, 0, 0, 0, 0, 0, 1, 0, 0, 0, 0, 0, 0, 0, 'Jukebox script'),
('300001', 0, 122, 0, 62, 0, 100, 0, '50020'+4, 3, 0, 0, 4, 11812, 0, 0, 0, 0, 0, 1, 0, 0, 0, 0, 0, 0, 0, 'Jukebox script'),
('300001', 0, 123, 0, 62, 0, 100, 0, '50020'+3, 3, 0, 0, 4, 15850, 0, 0, 0, 0, 0, 1, 0, 0, 0, 0, 0, 0, 0, 'Jukebox script'),
('300001', 0, 124, 0, 62, 0, 100, 0, '50020'+37, 3, 0, 0, 4, 17310, 0, 0, 0, 0, 0, 1, 0, 0, 0, 0, 0, 0, 0, 'Jukebox script'),
('300001', 0, 125, 0, 62, 0, 100, 0, '50020'+2, 3, 0, 0, 4, 13802, 0, 0, 0, 0, 0, 1, 0, 0, 0, 0, 0, 0, 0, 'Jukebox script'),
('300001', 0, 126, 0, 62, 0, 100, 0, '50020'+1, 3, 0, 0, 4, 14945, 0, 0, 0, 0, 0, 1, 0, 0, 0, 0, 0, 0, 0, 'Jukebox script'),
('300001', 0, 127, 0, 62, 0, 100, 0, '50020'+45, 4, 0, 0, 4, 14833, 0, 0, 0, 0, 0, 1, 0, 0, 0, 0, 0, 0, 0, 'Jukebox script'),
('300001', 0, 128, 0, 62, 0, 100, 0, '50020'+44, 4, 0, 0, 4, 12800, 0, 0, 0, 0, 0, 1, 0, 0, 0, 0, 0, 0, 0, 'Jukebox script'),
('300001', 0, 129, 0, 62, 0, 100, 0, '50020'+34, 4, 0, 0, 4, 14835, 0, 0, 0, 0, 0, 1, 0, 0, 0, 0, 0, 0, 0, 'Jukebox script'),
('300001', 0, 130, 0, 62, 0, 100, 0, '50020'+33, 4, 0, 0, 4, 12128, 0, 0, 0, 0, 0, 1, 0, 0, 0, 0, 0, 0, 0, 'Jukebox script'),
('300001', 0, 131, 0, 62, 0, 100, 0, '50020'+42, 4, 0, 0, 4, 10144, 0, 0, 0, 0, 0, 1, 0, 0, 0, 0, 0, 0, 0, 'Jukebox script'),
('300001', 0, 132, 0, 62, 0, 100, 0, '50020'+43, 4, 0, 0, 4, 9050, 0, 0, 0, 0, 0, 1, 0, 0, 0, 0, 0, 0, 0, 'Jukebox script'),
('300001', 0, 133, 0, 62, 0, 100, 0, '50020'+41, 4, 0, 0, 4, 9903, 0, 0, 0, 0, 0, 1, 0, 0, 0, 0, 0, 0, 0, 'Jukebox script'),
('300001', 0, 134, 0, 62, 0, 100, 0, '50020'+40, 4, 0, 0, 4, 4994, 0, 0, 0, 0, 0, 1, 0, 0, 0, 0, 0, 0, 0, 'Jukebox script'),
('300001', 0, 135, 0, 62, 0, 100, 0, '50020'+32, 4, 0, 0, 4, 9052, 0, 0, 0, 0, 0, 1, 0, 0, 0, 0, 0, 0, 0, 'Jukebox script'),
('300001', 0, 136, 0, 62, 0, 100, 0, '50020'+31, 4, 0, 0, 4, 8533, 0, 0, 0, 0, 0, 1, 0, 0, 0, 0, 0, 0, 0, 'Jukebox script'),
('300001', 0, 137, 0, 62, 0, 100, 0, '50020'+30, 4, 0, 0, 4, 15114, 0, 0, 0, 0, 0, 1, 0, 0, 0, 0, 0, 0, 0, 'Jukebox script'),
('300001', 0, 138, 0, 62, 0, 100, 0, '50020'+29, 4, 0, 0, 4, 12562, 0, 0, 0, 0, 0, 1, 0, 0, 0, 0, 0, 0, 0, 'Jukebox script'),
('300001', 0, 139, 0, 62, 0, 100, 0, '50020'+28, 4, 0, 0, 4, 8564, 0, 0, 0, 0, 0, 1, 0, 0, 0, 0, 0, 0, 0, 'Jukebox script'),
('300001', 0, 140, 0, 62, 0, 100, 0, '50020'+27, 4, 0, 0, 4, 15100, 0, 0, 0, 0, 0, 1, 0, 0, 0, 0, 0, 0, 0, 'Jukebox script'),
('300001', 0, 141, 0, 62, 0, 100, 0, '50020'+26, 4, 0, 0, 4, 9972, 0, 0, 0, 0, 0, 1, 0, 0, 0, 0, 0, 0, 0, 'Jukebox script'),
('300001', 0, 142, 0, 62, 0, 100, 0, '50020'+25, 4, 0, 0, 4, 7097, 0, 0, 0, 0, 0, 1, 0, 0, 0, 0, 0, 0, 0, 'Jukebox script'),
('300001', 0, 143, 0, 62, 0, 100, 0, '50020'+24, 4, 0, 0, 4, 11706, 0, 0, 0, 0, 0, 1, 0, 0, 0, 0, 0, 0, 0, 'Jukebox script'),
('300001', 0, 144, 0, 62, 0, 100, 0, '50020'+23, 4, 0, 0, 4, 12747, 0, 0, 0, 0, 0, 1, 0, 0, 0, 0, 0, 0, 0, 'Jukebox script'),
('300001', 0, 145, 0, 62, 0, 100, 0, '50020'+22, 4, 0, 0, 4, 10766, 0, 0, 0, 0, 0, 1, 0, 0, 0, 0, 0, 0, 0, 'Jukebox script'),
('300001', 0, 146, 0, 62, 0, 100, 0, '50020'+21, 4, 0, 0, 4, 15076, 0, 0, 0, 0, 0, 1, 0, 0, 0, 0, 0, 0, 0, 'Jukebox script'),
('300001', 0, 147, 0, 62, 0, 100, 0, '50020'+20, 4, 0, 0, 4, 6066, 0, 0, 0, 0, 0, 1, 0, 0, 0, 0, 0, 0, 0, 'Jukebox script'),
('300001', 0, 148, 0, 62, 0, 100, 0, '50020'+19, 4, 0, 0, 4, 14909, 0, 0, 0, 0, 0, 1, 0, 0, 0, 0, 0, 0, 0, 'Jukebox script'),
('300001', 0, 149, 0, 62, 0, 100, 0, '50020'+18, 4, 0, 0, 4, 15121, 0, 0, 0, 0, 0, 1, 0, 0, 0, 0, 0, 0, 0, 'Jukebox script'),
('300001', 0, 150, 0, 62, 0, 100, 0, '50020'+17, 4, 0, 0, 4, 9798, 0, 0, 0, 0, 0, 1, 0, 0, 0, 0, 0, 0, 0, 'Jukebox script'),
('300001', 0, 151, 0, 62, 0, 100, 0, '50020'+16, 4, 0, 0, 4, 9804, 0, 0, 0, 0, 0, 1, 0, 0, 0, 0, 0, 0, 0, 'Jukebox script'),
('300001', 0, 152, 0, 62, 0, 100, 0, '50020'+15, 4, 0, 0, 4, 15040, 0, 0, 0, 0, 0, 1, 0, 0, 0, 0, 0, 0, 0, 'Jukebox script'),
('300001', 0, 153, 0, 62, 0, 100, 0, '50020'+14, 4, 0, 0, 4, 12154, 0, 0, 0, 0, 0, 1, 0, 0, 0, 0, 0, 0, 0, 'Jukebox script'),
('300001', 0, 154, 0, 62, 0, 100, 0, '50020'+13, 4, 0, 0, 4, 8889, 0, 0, 0, 0, 0, 1, 0, 0, 0, 0, 0, 0, 0, 'Jukebox script'),
('300001', 0, 155, 0, 62, 0, 100, 0, '50020'+12, 4, 0, 0, 4, 12803, 0, 0, 0, 0, 0, 1, 0, 0, 0, 0, 0, 0, 0, 'Jukebox script'),
('300001', 0, 156, 0, 62, 0, 100, 0, '50020'+11, 4, 0, 0, 4, 10608, 0, 0, 0, 0, 0, 1, 0, 0, 0, 0, 0, 0, 0, 'Jukebox script'),
('300001', 0, 157, 0, 62, 0, 100, 0, '50020'+10, 4, 0, 0, 4, 14896, 0, 0, 0, 0, 0, 1, 0, 0, 0, 0, 0, 0, 0, 'Jukebox script'),
('300001', 0, 158, 0, 62, 0, 100, 0, '50020'+9, 4, 0, 0, 4, 14923, 0, 0, 0, 0, 0, 1, 0, 0, 0, 0, 0, 0, 0, 'Jukebox script'),
('300001', 0, 159, 0, 62, 0, 100, 0, '50020'+8, 4, 0, 0, 4, 12534, 0, 0, 0, 0, 0, 1, 0, 0, 0, 0, 0, 0, 0, 'Jukebox script'),
('300001', 0, 160, 0, 62, 0, 100, 0, '50020'+7, 4, 0, 0, 4, 2537, 0, 0, 0, 0, 0, 1, 0, 0, 0, 0, 0, 0, 0, 'Jukebox script'),
('300001', 0, 161, 0, 62, 0, 100, 0, '50020'+38, 4, 0, 0, 4, 7338, 0, 0, 0, 0, 0, 1, 0, 0, 0, 0, 0, 0, 0, 'Jukebox script'),
('300001', 0, 162, 0, 62, 0, 100, 0, '50020'+6, 4, 0, 0, 4, 7077, 0, 0, 0, 0, 0, 1, 0, 0, 0, 0, 0, 0, 0, 'Jukebox script'),
('300001', 0, 163, 0, 62, 0, 100, 0, '50020'+5, 4, 0, 0, 4, 15119, 0, 0, 0, 0, 0, 1, 0, 0, 0, 0, 0, 0, 0, 'Jukebox script'),
('300001', 0, 164, 0, 62, 0, 100, 0, '50020'+4, 4, 0, 0, 4, 11813, 0, 0, 0, 0, 0, 1, 0, 0, 0, 0, 0, 0, 0, 'Jukebox script'),
('300001', 0, 165, 0, 62, 0, 100, 0, '50020'+3, 4, 0, 0, 4, 15851, 0, 0, 0, 0, 0, 1, 0, 0, 0, 0, 0, 0, 0, 'Jukebox script'),
('300001', 0, 166, 0, 62, 0, 100, 0, '50020'+37, 4, 0, 0, 4, 17307, 0, 0, 0, 0, 0, 1, 0, 0, 0, 0, 0, 0, 0, 'Jukebox script'),
('300001', 0, 167, 0, 62, 0, 100, 0, '50020'+2, 4, 0, 0, 4, 17280, 0, 0, 0, 0, 0, 1, 0, 0, 0, 0, 0, 0, 0, 'Jukebox script'),
('300001', 0, 168, 0, 62, 0, 100, 0, '50020'+1, 4, 0, 0, 4, 14941, 0, 0, 0, 0, 0, 1, 0, 0, 0, 0, 0, 0, 0, 'Jukebox script'),
('300001', 0, 169, 0, 62, 0, 100, 0, '50020'+45, 5, 0, 0, 4, 14834, 0, 0, 0, 0, 0, 1, 0, 0, 0, 0, 0, 0, 0, 'Jukebox script'),
('300001', 0, 170, 0, 62, 0, 100, 0, '50020'+44, 5, 0, 0, 4, 12801, 0, 0, 0, 0, 0, 1, 0, 0, 0, 0, 0, 0, 0, 'Jukebox script'),
('300001', 0, 171, 0, 62, 0, 100, 0, '50020'+34, 5, 0, 0, 4, 14837, 0, 0, 0, 0, 0, 1, 0, 0, 0, 0, 0, 0, 0, 'Jukebox script'),
('300001', 0, 172, 0, 62, 0, 100, 0, '50020'+33, 5, 0, 0, 4, 12129, 0, 0, 0, 0, 0, 1, 0, 0, 0, 0, 0, 0, 0, 'Jukebox script'),
('300001', 0, 173, 0, 62, 0, 100, 0, '50020'+42, 5, 0, 0, 4, 10145, 0, 0, 0, 0, 0, 1, 0, 0, 0, 0, 0, 0, 0, 'Jukebox script'),
('300001', 0, 174, 0, 62, 0, 100, 0, '50020'+43, 5, 0, 0, 4, 10143, 0, 0, 0, 0, 0, 1, 0, 0, 0, 0, 0, 0, 0, 'Jukebox script'),
('300001', 0, 175, 0, 62, 0, 100, 0, '50020'+41, 5, 0, 0, 4, 4184, 0, 0, 0, 0, 0, 1, 0, 0, 0, 0, 0, 0, 0, 'Jukebox script'),
('300001', 0, 176, 0, 62, 0, 100, 0, '50020'+40, 5, 0, 0, 4, 13359, 0, 0, 0, 0, 0, 1, 0, 0, 0, 0, 0, 0, 0, 'Jukebox script'),
('300001', 0, 177, 0, 62, 0, 100, 0, '50020'+32, 5, 0, 0, 4, 8948, 0, 0, 0, 0, 0, 1, 0, 0, 0, 0, 0, 0, 0, 'Jukebox script'),
('300001', 0, 178, 0, 62, 0, 100, 0, '50020'+31, 5, 0, 0, 4, 8534, 0, 0, 0, 0, 0, 1, 0, 0, 0, 0, 0, 0, 0, 'Jukebox script'),
('300001', 0, 179, 0, 62, 0, 100, 0, '50020'+30, 5, 0, 0, 4, 15115, 0, 0, 0, 0, 0, 1, 0, 0, 0, 0, 0, 0, 0, 'Jukebox script'),
('300001', 0, 180, 0, 62, 0, 100, 0, '50020'+29, 5, 0, 0, 4, 12561, 0, 0, 0, 0, 0, 1, 0, 0, 0, 0, 0, 0, 0, 'Jukebox script'),
('300001', 0, 181, 0, 62, 0, 100, 0, '50020'+28, 5, 0, 0, 4, 8578, 0, 0, 0, 0, 0, 1, 0, 0, 0, 0, 0, 0, 0, 'Jukebox script'),
('300001', 0, 182, 0, 62, 0, 100, 0, '50020'+27, 5, 0, 0, 4, 15097, 0, 0, 0, 0, 0, 1, 0, 0, 0, 0, 0, 0, 0, 'Jukebox script'),
('300001', 0, 183, 0, 62, 0, 100, 0, '50020'+26, 5, 0, 0, 4, 9458, 0, 0, 0, 0, 0, 1, 0, 0, 0, 0, 0, 0, 0, 'Jukebox script'),
('300001', 0, 184, 0, 62, 0, 100, 0, '50020'+24, 5, 0, 0, 4, 11698, 0, 0, 0, 0, 0, 1, 0, 0, 0, 0, 0, 0, 0, 'Jukebox script'),
('300001', 0, 185, 0, 62, 0, 100, 0, '50020'+23, 5, 0, 0, 4, 15101, 0, 0, 0, 0, 0, 1, 0, 0, 0, 0, 0, 0, 0, 'Jukebox script'),
('300001', 0, 186, 0, 62, 0, 100, 0, '50020'+22, 5, 0, 0, 4, 10768, 0, 0, 0, 0, 0, 1, 0, 0, 0, 0, 0, 0, 0, 'Jukebox script'),
('300001', 0, 187, 0, 62, 0, 100, 0, '50020'+19, 5, 0, 0, 4, 14995, 0, 0, 0, 0, 0, 1, 0, 0, 0, 0, 0, 0, 0, 'Jukebox script'),
('300001', 0, 188, 0, 62, 0, 100, 0, '50020'+18, 5, 0, 0, 4, 15122, 0, 0, 0, 0, 0, 1, 0, 0, 0, 0, 0, 0, 0, 'Jukebox script'),
('300001', 0, 189, 0, 62, 0, 100, 0, '50020'+17, 5, 0, 0, 4, 9799, 0, 0, 0, 0, 0, 1, 0, 0, 0, 0, 0, 0, 0, 'Jukebox script'),
('300001', 0, 190, 0, 62, 0, 100, 0, '50020'+16, 5, 0, 0, 4, 9805, 0, 0, 0, 0, 0, 1, 0, 0, 0, 0, 0, 0, 0, 'Jukebox script'),
('300001', 0, 191, 0, 62, 0, 100, 0, '50020'+15, 5, 0, 0, 4, 15036, 0, 0, 0, 0, 0, 1, 0, 0, 0, 0, 0, 0, 0, 'Jukebox script'),
('300001', 0, 192, 0, 62, 0, 100, 0, '50020'+14, 5, 0, 0, 4, 12161, 0, 0, 0, 0, 0, 1, 0, 0, 0, 0, 0, 0, 0, 'Jukebox script'),
('300001', 0, 193, 0, 62, 0, 100, 0, '50020'+13, 5, 0, 0, 4, 8886, 0, 0, 0, 0, 0, 1, 0, 0, 0, 0, 0, 0, 0, 'Jukebox script'),
('300001', 0, 194, 0, 62, 0, 100, 0, '50020'+12, 5, 0, 0, 4, 15041, 0, 0, 0, 0, 0, 1, 0, 0, 0, 0, 0, 0, 0, 'Jukebox script'),
('300001', 0, 195, 0, 62, 0, 100, 0, '50020'+11, 5, 0, 0, 4, 10855, 0, 0, 0, 0, 0, 1, 0, 0, 0, 0, 0, 0, 0, 'Jukebox script'),
('300001', 0, 196, 0, 62, 0, 100, 0, '50020'+10, 5, 0, 0, 4, 14846, 0, 0, 0, 0, 0, 1, 0, 0, 0, 0, 0, 0, 0, 'Jukebox script'),
('300001', 0, 197, 0, 62, 0, 100, 0, '50020'+9, 5, 0, 0, 4, 14920, 0, 0, 0, 0, 0, 1, 0, 0, 0, 0, 0, 0, 0, 'Jukebox script'),
('300001', 0, 198, 0, 62, 0, 100, 0, '50020'+8, 5, 0, 0, 4, 12538, 0, 0, 0, 0, 0, 1, 0, 0, 0, 0, 0, 0, 0, 'Jukebox script'),
('300001', 0, 199, 0, 62, 0, 100, 0, '50020'+7, 5, 0, 0, 4, 2528, 0, 0, 0, 0, 0, 1, 0, 0, 0, 0, 0, 0, 0, 'Jukebox script'),
('300001', 0, 200, 0, 62, 0, 100, 0, '50020'+38, 5, 0, 0, 4, 7519, 0, 0, 0, 0, 0, 1, 0, 0, 0, 0, 0, 0, 0, 'Jukebox script'),
('300001', 0, 201, 0, 62, 0, 100, 0, '50020'+6, 5, 0, 0, 4, 5035, 0, 0, 0, 0, 0, 1, 0, 0, 0, 0, 0, 0, 0, 'Jukebox script'),
('300001', 0, 202, 0, 62, 0, 100, 0, '50020'+5, 5, 0, 0, 4, 8452, 0, 0, 0, 0, 0, 1, 0, 0, 0, 0, 0, 0, 0, 'Jukebox script'),
('300001', 0, 203, 0, 62, 0, 100, 0, '50020'+4, 5, 0, 0, 4, 11811, 0, 0, 0, 0, 0, 1, 0, 0, 0, 0, 0, 0, 0, 'Jukebox script'),
('300001', 0, 204, 0, 62, 0, 100, 0, '50020'+3, 5, 0, 0, 4, 16337, 0, 0, 0, 0, 0, 1, 0, 0, 0, 0, 0, 0, 0, 'Jukebox script'),
('300001', 0, 205, 0, 62, 0, 100, 0, '50020'+37, 5, 0, 0, 4, 17308, 0, 0, 0, 0, 0, 1, 0, 0, 0, 0, 0, 0, 0, 'Jukebox script'),
('300001', 0, 206, 0, 62, 0, 100, 0, '50020'+2, 5, 0, 0, 4, 17287, 0, 0, 0, 0, 0, 1, 0, 0, 0, 0, 0, 0, 0, 'Jukebox script'),
('300001', 0, 207, 0, 62, 0, 100, 0, '50020'+1, 5, 0, 0, 4, 14943, 0, 0, 0, 0, 0, 1, 0, 0, 0, 0, 0, 0, 0, 'Jukebox script'),
('300001', 0, 208, 0, 62, 0, 100, 0, '50020'+45, 6, 0, 0, 4, 14836, 0, 0, 0, 0, 0, 1, 0, 0, 0, 0, 0, 0, 0, 'Jukebox script'),
('300001', 0, 209, 0, 62, 0, 100, 0, '50020'+44, 6, 0, 0, 4, 9461, 0, 0, 0, 0, 0, 1, 0, 0, 0, 0, 0, 0, 0, 'Jukebox script'),
('300001', 0, 210, 0, 62, 0, 100, 0, '50020'+34, 6, 0, 0, 4, 14875, 0, 0, 0, 0, 0, 1, 0, 0, 0, 0, 0, 0, 0, 'Jukebox script'),
('300001', 0, 211, 0, 62, 0, 100, 0, '50020'+33, 6, 0, 0, 4, 13799, 0, 0, 0, 0, 0, 1, 0, 0, 0, 0, 0, 0, 0, 'Jukebox script'),
('300001', 0, 212, 0, 62, 0, 100, 0, '50020'+42, 6, 0, 0, 4, 13157, 0, 0, 0, 0, 0, 1, 0, 0, 0, 0, 0, 0, 0, 'Jukebox script'),
('300001', 0, 213, 0, 62, 0, 100, 0, '50020'+43, 6, 0, 0, 4, 12864, 0, 0, 0, 0, 0, 1, 0, 0, 0, 0, 0, 0, 0, 'Jukebox script'),
('300001', 0, 214, 0, 62, 0, 100, 0, '50020'+41, 6, 0, 0, 4, 4175, 0, 0, 0, 0, 0, 1, 0, 0, 0, 0, 0, 0, 0, 'Jukebox script'),
('300001', 0, 215, 0, 62, 0, 100, 0, '50020'+40, 6, 0, 0, 4, 4219, 0, 0, 0, 0, 0, 1, 0, 0, 0, 0, 0, 0, 0, 'Jukebox script'),
('300001', 0, 216, 0, 62, 0, 100, 0, '50020'+32, 6, 0, 0, 4, 8949, 0, 0, 0, 0, 0, 1, 0, 0, 0, 0, 0, 0, 0, 'Jukebox script'),
('300001', 0, 217, 0, 62, 0, 100, 0, '50020'+31, 6, 0, 0, 4, 8558, 0, 0, 0, 0, 0, 1, 0, 0, 0, 0, 0, 0, 0, 'Jukebox script'),
('300001', 0, 218, 0, 62, 0, 100, 0, '50020'+30, 6, 0, 0, 4, 15116, 0, 0, 0, 0, 0, 1, 0, 0, 0, 0, 0, 0, 0, 'Jukebox script'),
('300001', 0, 219, 0, 62, 0, 100, 0, '50020'+29, 6, 0, 0, 4, 14960, 0, 0, 0, 0, 0, 1, 0, 0, 0, 0, 0, 0, 0, 'Jukebox script'),
('300001', 0, 220, 0, 62, 0, 100, 0, '50020'+28, 6, 0, 0, 4, 8577, 0, 0, 0, 0, 0, 1, 0, 0, 0, 0, 0, 0, 0, 'Jukebox script'),
('300001', 0, 221, 0, 62, 0, 100, 0, '50020'+27, 6, 0, 0, 4, 15124, 0, 0, 0, 0, 0, 1, 0, 0, 0, 0, 0, 0, 0, 'Jukebox script'),
('300001', 0, 222, 0, 62, 0, 100, 0, '50020'+26, 6, 0, 0, 4, 10605, 0, 0, 0, 0, 0, 1, 0, 0, 0, 0, 0, 0, 0, 'Jukebox script'),
('300001', 0, 223, 0, 62, 0, 100, 0, '50020'+24, 6, 0, 0, 4, 11701, 0, 0, 0, 0, 0, 1, 0, 0, 0, 0, 0, 0, 0, 'Jukebox script'),
('300001', 0, 224, 0, 62, 0, 100, 0, '50020'+23, 6, 0, 0, 4, 15044, 0, 0, 0, 0, 0, 1, 0, 0, 0, 0, 0, 0, 0, 'Jukebox script'),
('300001', 0, 225, 0, 62, 0, 100, 0, '50020'+22, 6, 0, 0, 4, 10767, 0, 0, 0, 0, 0, 1, 0, 0, 0, 0, 0, 0, 0, 'Jukebox script'),
('300001', 0, 226, 0, 62, 0, 100, 0, '50020'+19, 6, 0, 0, 4, 14910, 0, 0, 0, 0, 0, 1, 0, 0, 0, 0, 0, 0, 0, 'Jukebox script'),
('300001', 0, 227, 0, 62, 0, 100, 0, '50020'+18, 6, 0, 0, 4, 12563, 0, 0, 0, 0, 0, 1, 0, 0, 0, 0, 0, 0, 0, 'Jukebox script'),
('300001', 0, 228, 0, 62, 0, 100, 0, '50020'+17, 6, 0, 0, 4, 9800, 0, 0, 0, 0, 0, 1, 0, 0, 0, 0, 0, 0, 0, 'Jukebox script'),
('300001', 0, 229, 0, 62, 0, 100, 0, '50020'+16, 6, 0, 0, 4, 9806, 0, 0, 0, 0, 0, 1, 0, 0, 0, 0, 0, 0, 0, 'Jukebox script'),
('300001', 0, 230, 0, 62, 0, 100, 0, '50020'+15, 6, 0, 0, 4, 15038, 0, 0, 0, 0, 0, 1, 0, 0, 0, 0, 0, 0, 0, 'Jukebox script'),
('300001', 0, 231, 0, 62, 0, 100, 0, '50020'+14, 6, 0, 0, 4, 12164, 0, 0, 0, 0, 0, 1, 0, 0, 0, 0, 0, 0, 0, 'Jukebox script'),
('300001', 0, 232, 0, 62, 0, 100, 0, '50020'+13, 6, 0, 0, 4, 8885, 0, 0, 0, 0, 0, 1, 0, 0, 0, 0, 0, 0, 0, 'Jukebox script'),
('300001', 0, 233, 0, 62, 0, 100, 0, '50020'+12, 6, 0, 0, 4, 15042, 0, 0, 0, 0, 0, 1, 0, 0, 0, 0, 0, 0, 0, 'Jukebox script'),
('300001', 0, 234, 0, 62, 0, 100, 0, '50020'+11, 6, 0, 0, 4, 11771, 0, 0, 0, 0, 0, 1, 0, 0, 0, 0, 0, 0, 0, 'Jukebox script'),
('300001', 0, 235, 0, 62, 0, 100, 0, '50020'+10, 6, 0, 0, 4, 14902, 0, 0, 0, 0, 0, 1, 0, 0, 0, 0, 0, 0, 0, 'Jukebox script'),
('300001', 0, 236, 0, 62, 0, 100, 0, '50020'+9, 6, 0, 0, 4, 14930, 0, 0, 0, 0, 0, 1, 0, 0, 0, 0, 0, 0, 0, 'Jukebox script'),
('300001', 0, 237, 0, 62, 0, 100, 0, '50020'+8, 6, 0, 0, 4, 12318, 0, 0, 0, 0, 0, 1, 0, 0, 0, 0, 0, 0, 0, 'Jukebox script'),
('300001', 0, 238, 0, 62, 0, 100, 0, '50020'+7, 6, 0, 0, 4, 2538, 0, 0, 0, 0, 0, 1, 0, 0, 0, 0, 0, 0, 0, 'Jukebox script'),
('300001', 0, 239, 0, 62, 0, 100, 0, '50020'+38, 6, 0, 0, 4, 7414, 0, 0, 0, 0, 0, 1, 0, 0, 0, 0, 0, 0, 0, 'Jukebox script'),
('300001', 0, 240, 0, 62, 0, 100, 0, '50020'+6, 6, 0, 0, 4, 5036, 0, 0, 0, 0, 0, 1, 0, 0, 0, 0, 0, 0, 0, 'Jukebox script'),
('300001', 0, 241, 0, 62, 0, 100, 0, '50020'+5, 6, 0, 0, 4, 6077, 0, 0, 0, 0, 0, 1, 0, 0, 0, 0, 0, 0, 0, 'Jukebox script'),
('300001', 0, 242, 0, 62, 0, 100, 0, '50020'+4, 6, 0, 0, 4, 11814, 0, 0, 0, 0, 0, 1, 0, 0, 0, 0, 0, 0, 0, 'Jukebox script'),
('300001', 0, 243, 0, 62, 0, 100, 0, '50020'+37, 6, 0, 0, 4, 17306, 0, 0, 0, 0, 0, 1, 0, 0, 0, 0, 0, 0, 0, 'Jukebox script'),
('300001', 0, 244, 0, 62, 0, 100, 0, '50020'+2, 6, 0, 0, 4, 17277, 0, 0, 0, 0, 0, 1, 0, 0, 0, 0, 0, 0, 0, 'Jukebox script'),
('300001', 0, 245, 0, 62, 0, 100, 0, '50020'+1, 6, 0, 0, 4, 14937, 0, 0, 0, 0, 0, 1, 0, 0, 0, 0, 0, 0, 0, 'Jukebox script'),
('300001', 0, 246, 0, 62, 0, 100, 0, '50020'+45, 7, 0, 0, 4, 14838, 0, 0, 0, 0, 0, 1, 0, 0, 0, 0, 0, 0, 0, 'Jukebox script'),
('300001', 0, 247, 0, 62, 0, 100, 0, '50020'+44, 7, 0, 0, 4, 9462, 0, 0, 0, 0, 0, 1, 0, 0, 0, 0, 0, 0, 0, 'Jukebox script'),
('300001', 0, 248, 0, 62, 0, 100, 0, '50020'+34, 7, 0, 0, 4, 14840, 0, 0, 0, 0, 0, 1, 0, 0, 0, 0, 0, 0, 0, 'Jukebox script'),
('300001', 0, 249, 0, 62, 0, 100, 0, '50020'+33, 7, 0, 0, 4, 13800, 0, 0, 0, 0, 0, 1, 0, 0, 0, 0, 0, 0, 0, 'Jukebox script'),
('300001', 0, 250, 0, 62, 0, 100, 0, '50020'+42, 7, 0, 0, 4, 4178, 0, 0, 0, 0, 0, 1, 0, 0, 0, 0, 0, 0, 0, 'Jukebox script'),
('300001', 0, 251, 0, 62, 0, 100, 0, '50020'+43, 7, 0, 0, 4, 12865, 0, 0, 0, 0, 0, 1, 0, 0, 0, 0, 0, 0, 0, 'Jukebox script'),
('300001', 0, 252, 0, 62, 0, 100, 0, '50020'+41, 7, 0, 0, 4, 4193, 0, 0, 0, 0, 0, 1, 0, 0, 0, 0, 0, 0, 0, 'Jukebox script'),
('300001', 0, 253, 0, 62, 0, 100, 0, '50020'+40, 7, 0, 0, 4, 4212, 0, 0, 0, 0, 0, 1, 0, 0, 0, 0, 0, 0, 0, 'Jukebox script'),
('300001', 0, 254, 0, 62, 0, 100, 0, '50020'+32, 7, 0, 0, 4, 9010, 0, 0, 0, 0, 0, 1, 0, 0, 0, 0, 0, 0, 0, 'Jukebox script'),
('300001', 0, 255, 0, 62, 0, 100, 0, '50020'+31, 7, 0, 0, 4, 8556, 0, 0, 0, 0, 0, 1, 0, 0, 0, 0, 0, 0, 0, 'Jukebox script'),
('300001', 0, 256, 0, 62, 0, 100, 0, '50020'+30, 7, 0, 0, 4, 15117, 0, 0, 0, 0, 0, 1, 0, 0, 0, 0, 0, 0, 0, 'Jukebox script'),
('300001', 0, 257, 0, 62, 0, 100, 0, '50020'+29, 7, 0, 0, 4, 12293, 0, 0, 0, 0, 0, 1, 0, 0, 0, 0, 0, 0, 0, 'Jukebox script'),
('300001', 0, 258, 0, 62, 0, 100, 0, '50020'+27, 7, 0, 0, 4, 15099, 0, 0, 0, 0, 0, 1, 0, 0, 0, 0, 0, 0, 0, 'Jukebox script'),
('300001', 0, 259, 0, 62, 0, 100, 0, '50020'+26, 7, 0, 0, 4, 9459, 0, 0, 0, 0, 0, 1, 0, 0, 0, 0, 0, 0, 0, 'Jukebox script'),
('300001', 0, 260, 0, 62, 0, 100, 0, '50020'+24, 7, 0, 0, 4, 11704, 0, 0, 0, 0, 0, 1, 0, 0, 0, 0, 0, 0, 0, 'Jukebox script'),
('300001', 0, 261, 0, 62, 0, 100, 0, '50020'+23, 7, 0, 0, 4, 15045, 0, 0, 0, 0, 0, 1, 0, 0, 0, 0, 0, 0, 0, 'Jukebox script'),
('300001', 0, 262, 0, 62, 0, 100, 0, '50020'+22, 7, 0, 0, 4, 10770, 0, 0, 0, 0, 0, 1, 0, 0, 0, 0, 0, 0, 0, 'Jukebox script'),
('300001', 0, 263, 0, 62, 0, 100, 0, '50020'+19, 7, 0, 0, 4, 14905, 0, 0, 0, 0, 0, 1, 0, 0, 0, 0, 0, 0, 0, 'Jukebox script'),
('300001', 0, 264, 0, 62, 0, 100, 0, '50020'+18, 7, 0, 0, 4, 12564, 0, 0, 0, 0, 0, 1, 0, 0, 0, 0, 0, 0, 0, 'Jukebox script'),
('300001', 0, 265, 0, 62, 0, 100, 0, '50020'+17, 7, 0, 0, 4, 9793, 0, 0, 0, 0, 0, 1, 0, 0, 0, 0, 0, 0, 0, 'Jukebox script'),
('300001', 0, 266, 0, 62, 0, 100, 0, '50020'+16, 7, 0, 0, 4, 10856, 0, 0, 0, 0, 0, 1, 0, 0, 0, 0, 0, 0, 0, 'Jukebox script'),
('300001', 0, 267, 0, 62, 0, 100, 0, '50020'+15, 7, 0, 0, 4, 15037, 0, 0, 0, 0, 0, 1, 0, 0, 0, 0, 0, 0, 0, 'Jukebox script'),
('300001', 0, 268, 0, 62, 0, 100, 0, '50020'+14, 7, 0, 0, 4, 12168, 0, 0, 0, 0, 0, 1, 0, 0, 0, 0, 0, 0, 0, 'Jukebox script'),
('300001', 0, 269, 0, 62, 0, 100, 0, '50020'+13, 7, 0, 0, 4, 8887, 0, 0, 0, 0, 0, 1, 0, 0, 0, 0, 0, 0, 0, 'Jukebox script'),
('300001', 0, 270, 0, 62, 0, 100, 0, '50020'+12, 7, 0, 0, 4, 14952, 0, 0, 0, 0, 0, 1, 0, 0, 0, 0, 0, 0, 0, 'Jukebox script'),
('300001', 0, 271, 0, 62, 0, 100, 0, '50020'+11, 7, 0, 0, 4, 10868, 0, 0, 0, 0, 0, 1, 0, 0, 0, 0, 0, 0, 0, 'Jukebox script'),
('300001', 0, 272, 0, 62, 0, 100, 0, '50020'+10, 7, 0, 0, 4, 14893, 0, 0, 0, 0, 0, 1, 0, 0, 0, 0, 0, 0, 0, 'Jukebox script'),
('300001', 0, 273, 0, 62, 0, 100, 0, '50020'+9, 7, 0, 0, 4, 14919, 0, 0, 0, 0, 0, 1, 0, 0, 0, 0, 0, 0, 0, 'Jukebox script'),
('300001', 0, 274, 0, 62, 0, 100, 0, '50020'+7, 7, 0, 0, 4, 2523, 0, 0, 0, 0, 0, 1, 0, 0, 0, 0, 0, 0, 0, 'Jukebox script'),
('300001', 0, 275, 0, 62, 0, 100, 0, '50020'+38, 7, 0, 0, 4, 7196, 0, 0, 0, 0, 0, 1, 0, 0, 0, 0, 0, 0, 0, 'Jukebox script'),
('300001', 0, 276, 0, 62, 0, 100, 0, '50020'+6, 7, 0, 0, 4, 5054, 0, 0, 0, 0, 0, 1, 0, 0, 0, 0, 0, 0, 0, 'Jukebox script'),
('300001', 0, 277, 0, 62, 0, 100, 0, '50020'+5, 7, 0, 0, 4, 6045, 0, 0, 0, 0, 0, 1, 0, 0, 0, 0, 0, 0, 0, 'Jukebox script'),
('300001', 0, 278, 0, 62, 0, 100, 0, '50020'+4, 7, 0, 0, 4, 11815, 0, 0, 0, 0, 0, 1, 0, 0, 0, 0, 0, 0, 0, 'Jukebox script'),
('300001', 0, 279, 0, 62, 0, 100, 0, '50020'+37, 7, 0, 0, 4, 17292, 0, 0, 0, 0, 0, 1, 0, 0, 0, 0, 0, 0, 0, 'Jukebox script'),
('300001', 0, 280, 0, 62, 0, 100, 0, '50020'+2, 7, 0, 0, 4, 17286, 0, 0, 0, 0, 0, 1, 0, 0, 0, 0, 0, 0, 0, 'Jukebox script'),
('300001', 0, 281, 0, 62, 0, 100, 0, '50020'+1, 7, 0, 0, 4, 14936, 0, 0, 0, 0, 0, 1, 0, 0, 0, 0, 0, 0, 0, 'Jukebox script'),
('300001', 0, 282, 0, 62, 0, 100, 0, '50020'+45, 8, 0, 0, 4, 14839, 0, 0, 0, 0, 0, 1, 0, 0, 0, 0, 0, 0, 0, 'Jukebox script'),
('300001', 0, 283, 0, 62, 0, 100, 0, '50020'+33, 8, 0, 0, 4, 8233, 0, 0, 0, 0, 0, 1, 0, 0, 0, 0, 0, 0, 0, 'Jukebox script'),
('300001', 0, 284, 0, 62, 0, 100, 0, '50020'+44, 8, 0, 0, 4, 9460, 0, 0, 0, 0, 0, 1, 0, 0, 0, 0, 0, 0, 0, 'Jukebox script'),
('300001', 0, 285, 0, 62, 0, 100, 0, '50020'+34, 8, 0, 0, 4, 14842, 0, 0, 0, 0, 0, 1, 0, 0, 0, 0, 0, 0, 0, 'Jukebox script'),
('300001', 0, 286, 0, 62, 0, 100, 0, '50020'+42, 8, 0, 0, 4, 4179, 0, 0, 0, 0, 0, 1, 0, 0, 0, 0, 0, 0, 0, 'Jukebox script'),
('300001', 0, 287, 0, 62, 0, 100, 0, '50020'+43, 8, 0, 0, 4, 9061, 0, 0, 0, 0, 0, 1, 0, 0, 0, 0, 0, 0, 0, 'Jukebox script'),
('300001', 0, 288, 0, 62, 0, 100, 0, '50020'+41, 8, 0, 0, 4, 4194, 0, 0, 0, 0, 0, 1, 0, 0, 0, 0, 0, 0, 0, 'Jukebox script'),
('300001', 0, 289, 0, 62, 0, 100, 0, '50020'+40, 8, 0, 0, 4, 4213, 0, 0, 0, 0, 0, 1, 0, 0, 0, 0, 0, 0, 0, 'Jukebox script'),
('300001', 0, 290, 0, 62, 0, 100, 0, '50020'+32, 8, 0, 0, 4, 9011, 0, 0, 0, 0, 0, 1, 0, 0, 0, 0, 0, 0, 0, 'Jukebox script'),
('300001', 0, 291, 0, 62, 0, 100, 0, '50020'+31, 8, 0, 0, 4, 8557, 0, 0, 0, 0, 0, 1, 0, 0, 0, 0, 0, 0, 0, 'Jukebox script'),
('300001', 0, 292, 0, 62, 0, 100, 0, '50020'+29, 8, 0, 0, 4, 12528, 0, 0, 0, 0, 0, 1, 0, 0, 0, 0, 0, 0, 0, 'Jukebox script'),
('300001', 0, 293, 0, 62, 0, 100, 0, '50020'+26, 8, 0, 0, 4, 9975, 0, 0, 0, 0, 0, 1, 0, 0, 0, 0, 0, 0, 0, 'Jukebox script'),
('300001', 0, 294, 0, 62, 0, 100, 0, '50020'+24, 8, 0, 0, 4, 11718, 0, 0, 0, 0, 0, 1, 0, 0, 0, 0, 0, 0, 0, 'Jukebox script'),
('300001', 0, 295, 0, 62, 0, 100, 0, '50020'+22, 8, 0, 0, 4, 10765, 0, 0, 0, 0, 0, 1, 0, 0, 0, 0, 0, 0, 0, 'Jukebox script'),
('300001', 0, 296, 0, 62, 0, 100, 0, '50020'+17, 8, 0, 0, 4, 9794, 0, 0, 0, 0, 0, 1, 0, 0, 0, 0, 0, 0, 0, 'Jukebox script'),
('300001', 0, 297, 0, 62, 0, 100, 0, '50020'+16, 8, 0, 0, 4, 9901, 0, 0, 0, 0, 0, 1, 0, 0, 0, 0, 0, 0, 0, 'Jukebox script'),
('300001', 0, 298, 0, 62, 0, 100, 0, '50020'+15, 8, 0, 0, 4, 15039, 0, 0, 0, 0, 0, 1, 0, 0, 0, 0, 0, 0, 0, 'Jukebox script'),
('300001', 0, 299, 0, 62, 0, 100, 0, '50020'+14, 8, 0, 0, 4, 12160, 0, 0, 0, 0, 0, 1, 0, 0, 0, 0, 0, 0, 0, 'Jukebox script'),
('300001', 0, 300, 0, 62, 0, 100, 0, '50020'+13, 8, 0, 0, 4, 8884, 0, 0, 0, 0, 0, 1, 0, 0, 0, 0, 0, 0, 0, 'Jukebox script'),
('300001', 0, 301, 0, 62, 0, 100, 0, '50020'+12, 8, 0, 0, 4, 14953, 0, 0, 0, 0, 0, 1, 0, 0, 0, 0, 0, 0, 0, 'Jukebox script'),
('300001', 0, 302, 0, 62, 0, 100, 0, '50020'+11, 8, 0, 0, 4, 9786, 0, 0, 0, 0, 0, 1, 0, 0, 0, 0, 0, 0, 0, 'Jukebox script'),
('300001', 0, 303, 0, 62, 0, 100, 0, '50020'+10, 8, 0, 0, 4, 14894, 0, 0, 0, 0, 0, 1, 0, 0, 0, 0, 0, 0, 0, 'Jukebox script'),
('300001', 0, 304, 0, 62, 0, 100, 0, '50020'+9, 8, 0, 0, 4, 14853, 0, 0, 0, 0, 0, 1, 0, 0, 0, 0, 0, 0, 0, 'Jukebox script'),
('300001', 0, 305, 0, 62, 0, 100, 0, '50020'+7, 8, 0, 0, 4, 5376, 0, 0, 0, 0, 0, 1, 0, 0, 0, 0, 0, 0, 0, 'Jukebox script'),
('300001', 0, 306, 0, 62, 0, 100, 0, '50020'+38, 8, 0, 0, 4, 7341, 0, 0, 0, 0, 0, 1, 0, 0, 0, 0, 0, 0, 0, 'Jukebox script'),
('300001', 0, 307, 0, 62, 0, 100, 0, '50020'+6, 8, 0, 0, 4, 5474, 0, 0, 0, 0, 0, 1, 0, 0, 0, 0, 0, 0, 0, 'Jukebox script'),
('300001', 0, 308, 0, 62, 0, 100, 0, '50020'+5, 8, 0, 0, 4, 6078, 0, 0, 0, 0, 0, 1, 0, 0, 0, 0, 0, 0, 0, 'Jukebox script'),
('300001', 0, 309, 0, 62, 0, 100, 0, '50020'+4, 8, 0, 0, 4, 12319, 0, 0, 0, 0, 0, 1, 0, 0, 0, 0, 0, 0, 0, 'Jukebox script'),
('300001', 0, 310, 0, 62, 0, 100, 0, '50020'+37, 8, 0, 0, 4, 17320, 0, 0, 0, 0, 0, 1, 0, 0, 0, 0, 0, 0, 0, 'Jukebox script'),
('300001', 0, 311, 0, 62, 0, 100, 0, '50020'+2, 8, 0, 0, 4, 17459, 0, 0, 0, 0, 0, 1, 0, 0, 0, 0, 0, 0, 0, 'Jukebox script'),
('300001', 0, 312, 0, 62, 0, 100, 0, '50020'+1, 8, 0, 0, 4, 15861, 0, 0, 0, 0, 0, 1, 0, 0, 0, 0, 0, 0, 0, 'Jukebox script'),
('300001', 0, 313, 0, 62, 0, 100, 0, '50020'+45, 9, 0, 0, 4, 14841, 0, 0, 0, 0, 0, 1, 0, 0, 0, 0, 0, 0, 0, 'Jukebox script'),
('300001', 0, 314, 0, 62, 0, 100, 0, '50020'+33, 9, 0, 0, 4, 10623, 0, 0, 0, 0, 0, 1, 0, 0, 0, 0, 0, 0, 0, 'Jukebox script'),
('300001', 0, 315, 0, 62, 0, 100, 0, '50020'+44, 9, 0, 0, 4, 10609, 0, 0, 0, 0, 0, 1, 0, 0, 0, 0, 0, 0, 0, 'Jukebox script'),
('300001', 0, 316, 0, 62, 0, 100, 0, '50020'+34, 9, 0, 0, 4, 14877, 0, 0, 0, 0, 0, 1, 0, 0, 0, 0, 0, 0, 0, 'Jukebox script'),
('300001', 0, 317, 0, 62, 0, 100, 0, '50020'+42, 9, 0, 0, 4, 13111, 0, 0, 0, 0, 0, 1, 0, 0, 0, 0, 0, 0, 0, 'Jukebox script'),
('300001', 0, 318, 0, 62, 0, 100, 0, '50020'+43, 9, 0, 0, 4, 9062, 0, 0, 0, 0, 0, 1, 0, 0, 0, 0, 0, 0, 0, 'Jukebox script'),
('300001', 0, 319, 0, 62, 0, 100, 0, '50020'+41, 9, 0, 0, 4, 9909, 0, 0, 0, 0, 0, 1, 0, 0, 0, 0, 0, 0, 0, 'Jukebox script'),
('300001', 0, 320, 0, 62, 0, 100, 0, '50020'+40, 9, 0, 0, 4, 12769, 0, 0, 0, 0, 0, 1, 0, 0, 0, 0, 0, 0, 0, 'Jukebox script'),
('300001', 0, 321, 0, 62, 0, 100, 0, '50020'+32, 9, 0, 0, 4, 8750, 0, 0, 0, 0, 0, 1, 0, 0, 0, 0, 0, 0, 0, 'Jukebox script'),
('300001', 0, 322, 0, 62, 0, 100, 0, '50020'+31, 9, 0, 0, 4, 8538, 0, 0, 0, 0, 0, 1, 0, 0, 0, 0, 0, 0, 0, 'Jukebox script'),
('300001', 0, 323, 0, 62, 0, 100, 0, '50020'+29, 9, 0, 0, 4, 12529, 0, 0, 0, 0, 0, 1, 0, 0, 0, 0, 0, 0, 0, 'Jukebox script'),
('300001', 0, 324, 0, 62, 0, 100, 0, '50020'+24, 9, 0, 0, 4, 11705, 0, 0, 0, 0, 0, 1, 0, 0, 0, 0, 0, 0, 0, 'Jukebox script'),
('300001', 0, 325, 0, 62, 0, 100, 0, '50020'+22, 9, 0, 0, 4, 11657, 0, 0, 0, 0, 0, 1, 0, 0, 0, 0, 0, 0, 0, 'Jukebox script'),
('300001', 0, 326, 0, 62, 0, 100, 0, '50020'+17, 9, 0, 0, 4, 9789, 0, 0, 0, 0, 0, 1, 0, 0, 0, 0, 0, 0, 0, 'Jukebox script'),
('300001', 0, 327, 0, 62, 0, 100, 0, '50020'+16, 9, 0, 0, 4, 10867, 0, 0, 0, 0, 0, 1, 0, 0, 0, 0, 0, 0, 0, 'Jukebox script'),
('300001', 0, 328, 0, 62, 0, 100, 0, '50020'+14, 9, 0, 0, 4, 12163, 0, 0, 0, 0, 0, 1, 0, 0, 0, 0, 0, 0, 0, 'Jukebox script'),
('300001', 0, 329, 0, 62, 0, 100, 0, '50020'+13, 9, 0, 0, 4, 8687, 0, 0, 0, 0, 0, 1, 0, 0, 0, 0, 0, 0, 0, 'Jukebox script'),
('300001', 0, 330, 0, 62, 0, 100, 0, '50020'+12, 9, 0, 0, 4, 12824, 0, 0, 0, 0, 0, 1, 0, 0, 0, 0, 0, 0, 0, 'Jukebox script'),
('300001', 0, 331, 0, 62, 0, 100, 0, '50020'+11, 9, 0, 0, 4, 10606, 0, 0, 0, 0, 0, 1, 0, 0, 0, 0, 0, 0, 0, 'Jukebox script'),
('300001', 0, 332, 0, 62, 0, 100, 0, '50020'+9, 9, 0, 0, 4, 14921, 0, 0, 0, 0, 0, 1, 0, 0, 0, 0, 0, 0, 0, 'Jukebox script'),
('300001', 0, 333, 0, 62, 0, 100, 0, '50020'+7, 9, 0, 0, 4, 2533, 0, 0, 0, 0, 0, 1, 0, 0, 0, 0, 0, 0, 0, 'Jukebox script'),
('300001', 0, 334, 0, 62, 0, 100, 0, '50020'+38, 9, 0, 0, 4, 3900, 0, 0, 0, 0, 0, 1, 0, 0, 0, 0, 0, 0, 0, 'Jukebox script'),
('300001', 0, 335, 0, 62, 0, 100, 0, '50020'+6, 9, 0, 0, 4, 14964, 0, 0, 0, 0, 0, 1, 0, 0, 0, 0, 0, 0, 0, 'Jukebox script'),
('300001', 0, 336, 0, 62, 0, 100, 0, '50020'+5, 9, 0, 0, 4, 6079, 0, 0, 0, 0, 0, 1, 0, 0, 0, 0, 0, 0, 0, 'Jukebox script'),
('300001', 0, 337, 0, 62, 0, 100, 0, '50020'+4, 9, 0, 0, 4, 8440, 0, 0, 0, 0, 0, 1, 0, 0, 0, 0, 0, 0, 0, 'Jukebox script'),
('300001', 0, 338, 0, 62, 0, 100, 0, '50020'+37, 9, 0, 0, 4, 17291, 0, 0, 0, 0, 0, 1, 0, 0, 0, 0, 0, 0, 0, 'Jukebox script'),
('300001', 0, 339, 0, 62, 0, 100, 0, '50020'+2, 9, 0, 0, 4, 17458, 0, 0, 0, 0, 0, 1, 0, 0, 0, 0, 0, 0, 0, 'Jukebox script'),
('300001', 0, 340, 0, 62, 0, 100, 0, '50020'+1, 9, 0, 0, 4, 15856, 0, 0, 0, 0, 0, 1, 0, 0, 0, 0, 0, 0, 0, 'Jukebox script'),
('300001', 0, 341, 0, 62, 0, 100, 0, '50020'+45, 10, 0, 0, 4, 14866, 0, 0, 0, 0, 0, 1, 0, 0, 0, 0, 0, 0, 0, 'Jukebox script'),
('300001', 0, 342, 0, 62, 0, 100, 0, '50020'+33, 10, 0, 0, 4, 9012, 0, 0, 0, 0, 0, 1, 0, 0, 0, 0, 0, 0, 0, 'Jukebox script'),
('300001', 0, 343, 0, 62, 0, 100, 0, '50020'+44, 10, 0, 0, 4, 9002, 0, 0, 0, 0, 0, 1, 0, 0, 0, 0, 0, 0, 0, 'Jukebox script'),
('300001', 0, 344, 0, 62, 0, 100, 0, '50020'+34, 10, 0, 0, 4, 14876, 0, 0, 0, 0, 0, 1, 0, 0, 0, 0, 0, 0, 0, 'Jukebox script'),
('300001', 0, 345, 0, 62, 0, 100, 0, '50020'+43, 10, 0, 0, 4, 5034, 0, 0, 0, 0, 0, 1, 0, 0, 0, 0, 0, 0, 0, 'Jukebox script'),
('300001', 0, 346, 0, 62, 0, 100, 0, '50020'+42, 10, 0, 0, 4, 13112, 0, 0, 0, 0, 0, 1, 0, 0, 0, 0, 0, 0, 0, 'Jukebox script'),
('300001', 0, 347, 0, 62, 0, 100, 0, '50020'+41, 10, 0, 0, 4, 4196, 0, 0, 0, 0, 0, 1, 0, 0, 0, 0, 0, 0, 0, 'Jukebox script'),
('300001', 0, 348, 0, 62, 0, 100, 0, '50020'+40, 10, 0, 0, 4, 12553, 0, 0, 0, 0, 0, 1, 0, 0, 0, 0, 0, 0, 0, 'Jukebox script'),
('300001', 0, 349, 0, 62, 0, 100, 0, '50020'+32, 10, 0, 0, 4, 8751, 0, 0, 0, 0, 0, 1, 0, 0, 0, 0, 0, 0, 0, 'Jukebox script'),
('300001', 0, 350, 0, 62, 0, 100, 0, '50020'+31, 10, 0, 0, 4, 8536, 0, 0, 0, 0, 0, 1, 0, 0, 0, 0, 0, 0, 0, 'Jukebox script'),
('300001', 0, 351, 0, 62, 0, 100, 0, '50020'+29, 10, 0, 0, 4, 12292, 0, 0, 0, 0, 0, 1, 0, 0, 0, 0, 0, 0, 0, 'Jukebox script'),
('300001', 0, 352, 0, 62, 0, 100, 0, '50020'+24, 10, 0, 0, 4, 11716, 0, 0, 0, 0, 0, 1, 0, 0, 0, 0, 0, 0, 0, 'Jukebox script'),
('300001', 0, 353, 0, 62, 0, 100, 0, '50020'+22, 10, 0, 0, 4, 11731, 0, 0, 0, 0, 0, 1, 0, 0, 0, 0, 0, 0, 0, 'Jukebox script'),
('300001', 0, 354, 0, 62, 0, 100, 0, '50020'+17, 10, 0, 0, 4, 9791, 0, 0, 0, 0, 0, 1, 0, 0, 0, 0, 0, 0, 0, 'Jukebox script'),
('300001', 0, 355, 0, 62, 0, 100, 0, '50020'+16, 10, 0, 0, 4, 10877, 0, 0, 0, 0, 0, 1, 0, 0, 0, 0, 0, 0, 0, 'Jukebox script'),
('300001', 0, 356, 0, 62, 0, 100, 0, '50020'+14, 10, 0, 0, 4, 12158, 0, 0, 0, 0, 0, 1, 0, 0, 0, 0, 0, 0, 0, 'Jukebox script'),
('300001', 0, 357, 0, 62, 0, 100, 0, '50020'+13, 10, 0, 0, 4, 14961, 0, 0, 0, 0, 0, 1, 0, 0, 0, 0, 0, 0, 0, 'Jukebox script'),
('300001', 0, 358, 0, 62, 0, 100, 0, '50020'+12, 10, 0, 0, 4, 12825, 0, 0, 0, 0, 0, 1, 0, 0, 0, 0, 0, 0, 0, 'Jukebox script'),
('300001', 0, 359, 0, 62, 0, 100, 0, '50020'+11, 10, 0, 0, 4, 10616, 0, 0, 0, 0, 0, 1, 0, 0, 0, 0, 0, 0, 0, 'Jukebox script'),
('300001', 0, 360, 0, 62, 0, 100, 0, '50020'+7, 10, 0, 0, 4, 2524, 0, 0, 0, 0, 0, 1, 0, 0, 0, 0, 0, 0, 0, 'Jukebox script'),
('300001', 0, 361, 0, 62, 0, 100, 0, '50020'+38, 10, 0, 0, 4, 3920, 0, 0, 0, 0, 0, 1, 0, 0, 0, 0, 0, 0, 0, 'Jukebox script'),
('300001', 0, 362, 0, 62, 0, 100, 0, '50020'+6, 10, 0, 0, 4, 2532, 0, 0, 0, 0, 0, 1, 0, 0, 0, 0, 0, 0, 0, 'Jukebox script'),
('300001', 0, 363, 0, 62, 0, 100, 0, '50020'+5, 10, 0, 0, 4, 6253, 0, 0, 0, 0, 0, 1, 0, 0, 0, 0, 0, 0, 0, 'Jukebox script'),
('300001', 0, 364, 0, 62, 0, 100, 0, '50020'+4, 10, 0, 0, 4, 13354, 0, 0, 0, 0, 0, 1, 0, 0, 0, 0, 0, 0, 0, 'Jukebox script'),
('300001', 0, 365, 0, 62, 0, 100, 0, '50020'+37, 10, 0, 0, 4, 17302, 0, 0, 0, 0, 0, 1, 0, 0, 0, 0, 0, 0, 0, 'Jukebox script'),
('300001', 0, 366, 0, 62, 0, 100, 0, '50020'+2, 10, 0, 0, 4, 17457, 0, 0, 0, 0, 0, 1, 0, 0, 0, 0, 0, 0, 0, 'Jukebox script'),
('300001', 0, 367, 0, 62, 0, 100, 0, '50020'+1, 10, 0, 0, 4, 15867, 0, 0, 0, 0, 0, 1, 0, 0, 0, 0, 0, 0, 0, 'Jukebox script'),
('300001', 0, 368, 0, 62, 0, 100, 0, '50020'+45, 11, 0, 0, 4, 14867, 0, 0, 0, 0, 0, 1, 0, 0, 0, 0, 0, 0, 0, 'Jukebox script'),
('300001', 0, 369, 0, 62, 0, 100, 0, '50020'+33, 11, 0, 0, 4, 9013, 0, 0, 0, 0, 0, 1, 0, 0, 0, 0, 0, 0, 0, 'Jukebox script'),
('300001', 0, 370, 0, 62, 0, 100, 0, '50020'+44, 11, 0, 0, 4, 9281, 0, 0, 0, 0, 0, 1, 0, 0, 0, 0, 0, 0, 0, 'Jukebox script'),
('300001', 0, 371, 0, 62, 0, 100, 0, '50020'+34, 11, 0, 0, 4, 14843, 0, 0, 0, 0, 0, 1, 0, 0, 0, 0, 0, 0, 0, 'Jukebox script'),
('300001', 0, 372, 0, 62, 0, 100, 0, '50020'+43, 11, 0, 0, 4, 13126, 0, 0, 0, 0, 0, 1, 0, 0, 0, 0, 0, 0, 0, 'Jukebox script'),
('300001', 0, 373, 0, 62, 0, 100, 0, '50020'+42, 11, 0, 0, 4, 4180, 0, 0, 0, 0, 0, 1, 0, 0, 0, 0, 0, 0, 0, 'Jukebox script'),
('300001', 0, 374, 0, 62, 0, 100, 0, '50020'+41, 11, 0, 0, 4, 9907, 0, 0, 0, 0, 0, 1, 0, 0, 0, 0, 0, 0, 0, 'Jukebox script'),
('300001', 0, 375, 0, 62, 0, 100, 0, '50020'+40, 11, 0, 0, 4, 12556, 0, 0, 0, 0, 0, 1, 0, 0, 0, 0, 0, 0, 0, 'Jukebox script'),
('300001', 0, 376, 0, 62, 0, 100, 0, '50020'+32, 11, 0, 0, 4, 4164, 0, 0, 0, 0, 0, 1, 0, 0, 0, 0, 0, 0, 0, 'Jukebox script'),
('300001', 0, 377, 0, 62, 0, 100, 0, '50020'+31, 11, 0, 0, 4, 8537, 0, 0, 0, 0, 0, 1, 0, 0, 0, 0, 0, 0, 0, 'Jukebox script'),
('300001', 0, 378, 0, 62, 0, 100, 0, '50020'+29, 11, 0, 0, 4, 12291, 0, 0, 0, 0, 0, 1, 0, 0, 0, 0, 0, 0, 0, 'Jukebox script'),
('300001', 0, 379, 0, 62, 0, 100, 0, '50020'+24, 11, 0, 0, 4, 11702, 0, 0, 0, 0, 0, 1, 0, 0, 0, 0, 0, 0, 0, 'Jukebox script'),
('300001', 0, 380, 0, 62, 0, 100, 0, '50020'+22, 11, 0, 0, 4, 11650, 0, 0, 0, 0, 0, 1, 0, 0, 0, 0, 0, 0, 0, 'Jukebox script'),
('300001', 0, 381, 0, 62, 0, 100, 0, '50020'+17, 11, 0, 0, 4, 9790, 0, 0, 0, 0, 0, 1, 0, 0, 0, 0, 0, 0, 0, 'Jukebox script'),
('300001', 0, 382, 0, 62, 0, 100, 0, '50020'+14, 11, 0, 0, 4, 12169, 0, 0, 0, 0, 0, 1, 0, 0, 0, 0, 0, 0, 0, 'Jukebox script'),
('300001', 0, 383, 0, 62, 0, 100, 0, '50020'+11, 11, 0, 0, 4, 10617, 0, 0, 0, 0, 0, 1, 0, 0, 0, 0, 0, 0, 0, 'Jukebox script'),
('300001', 0, 384, 0, 62, 0, 100, 0, '50020'+7, 11, 0, 0, 4, 2534, 0, 0, 0, 0, 0, 1, 0, 0, 0, 0, 0, 0, 0, 'Jukebox script'),
('300001', 0, 385, 0, 62, 0, 100, 0, '50020'+38, 11, 0, 0, 4, 7794, 0, 0, 0, 0, 0, 1, 0, 0, 0, 0, 0, 0, 0, 'Jukebox script'),
('300001', 0, 386, 0, 62, 0, 100, 0, '50020'+6, 11, 0, 0, 4, 6794, 0, 0, 0, 0, 0, 1, 0, 0, 0, 0, 0, 0, 0, 'Jukebox script'),
('300001', 0, 387, 0, 62, 0, 100, 0, '50020'+5, 11, 0, 0, 4, 6350, 0, 0, 0, 0, 0, 1, 0, 0, 0, 0, 0, 0, 0, 'Jukebox script'),
('300001', 0, 388, 0, 62, 0, 100, 0, '50020'+4, 11, 0, 0, 4, 12325, 0, 0, 0, 0, 0, 1, 0, 0, 0, 0, 0, 0, 0, 'Jukebox script'),
('300001', 0, 389, 0, 62, 0, 100, 0, '50020'+37, 11, 0, 0, 4, 17293, 0, 0, 0, 0, 0, 1, 0, 0, 0, 0, 0, 0, 0, 'Jukebox script'),
('300001', 0, 390, 0, 62, 0, 100, 0, '50020'+2, 11, 0, 0, 4, 17460, 0, 0, 0, 0, 0, 1, 0, 0, 0, 0, 0, 0, 0, 'Jukebox script'),
('300001', 0, 391, 0, 62, 0, 100, 0, '50020'+1, 11, 0, 0, 4, 15864, 0, 0, 0, 0, 0, 1, 0, 0, 0, 0, 0, 0, 0, 'Jukebox script'),
('300001', 0, 392, 0, 62, 0, 100, 0, '50020'+45, 12, 0, 0, 4, 14847, 0, 0, 0, 0, 0, 1, 0, 0, 0, 0, 0, 0, 0, 'Jukebox script'),
('300001', 0, 393, 0, 62, 0, 100, 0, '50020'+33, 12, 0, 0, 4, 15059, 0, 0, 0, 0, 0, 1, 0, 0, 0, 0, 0, 0, 0, 'Jukebox script'),
('300001', 0, 394, 0, 62, 0, 100, 0, '50020'+44, 12, 0, 0, 4, 12133, 0, 0, 0, 0, 0, 1, 0, 0, 0, 0, 0, 0, 0, 'Jukebox script'),
('300001', 0, 395, 0, 62, 0, 100, 0, '50020'+34, 12, 0, 0, 4, 14854, 0, 0, 0, 0, 0, 1, 0, 0, 0, 0, 0, 0, 0, 'Jukebox script'),
('300001', 0, 396, 0, 62, 0, 100, 0, '50020'+43, 12, 0, 0, 4, 8951, 0, 0, 0, 0, 0, 1, 0, 0, 0, 0, 0, 0, 0, 'Jukebox script'),
('300001', 0, 397, 0, 62, 0, 100, 0, '50020'+42, 12, 0, 0, 4, 4181, 0, 0, 0, 0, 0, 1, 0, 0, 0, 0, 0, 0, 0, 'Jukebox script'),
('300001', 0, 398, 0, 62, 0, 100, 0, '50020'+41, 12, 0, 0, 4, 4197, 0, 0, 0, 0, 0, 1, 0, 0, 0, 0, 0, 0, 0, 'Jukebox script'),
('300001', 0, 399, 0, 62, 0, 100, 0, '50020'+40, 12, 0, 0, 4, 12768, 0, 0, 0, 0, 0, 1, 0, 0, 0, 0, 0, 0, 0, 'Jukebox script'),
('300001', 0, 400, 0, 62, 0, 100, 0, '50020'+32, 12, 0, 0, 4, 4165, 0, 0, 0, 0, 0, 1, 0, 0, 0, 0, 0, 0, 0, 'Jukebox script'),
('300001', 0, 401, 0, 62, 0, 100, 0, '50020'+31, 12, 0, 0, 4, 4160, 0, 0, 0, 0, 0, 1, 0, 0, 0, 0, 0, 0, 0, 'Jukebox script'),
('300001', 0, 402, 0, 62, 0, 100, 0, '50020'+29, 12, 0, 0, 4, 10730, 0, 0, 0, 0, 0, 1, 0, 0, 0, 0, 0, 0, 0, 'Jukebox script'),
('300001', 0, 403, 0, 62, 0, 100, 0, '50020'+24, 12, 0, 0, 4, 11720, 0, 0, 0, 0, 0, 1, 0, 0, 0, 0, 0, 0, 0, 'Jukebox script'),
('300001', 0, 404, 0, 62, 0, 100, 0, '50020'+22, 12, 0, 0, 4, 11651, 0, 0, 0, 0, 0, 1, 0, 0, 0, 0, 0, 0, 0, 'Jukebox script'),
('300001', 0, 405, 0, 62, 0, 100, 0, '50020'+17, 12, 0, 0, 4, 9792, 0, 0, 0, 0, 0, 1, 0, 0, 0, 0, 0, 0, 0, 'Jukebox script'),
('300001', 0, 406, 0, 62, 0, 100, 0, '50020'+14, 12, 0, 0, 4, 12166, 0, 0, 0, 0, 0, 1, 0, 0, 0, 0, 0, 0, 0, 'Jukebox script'),
('300001', 0, 407, 0, 62, 0, 100, 0, '50020'+11, 12, 0, 0, 4, 10901, 0, 0, 0, 0, 0, 1, 0, 0, 0, 0, 0, 0, 0, 'Jukebox script'),
('300001', 0, 408, 0, 62, 0, 100, 0, '50020'+7, 12, 0, 0, 4, 2530, 0, 0, 0, 0, 0, 1, 0, 0, 0, 0, 0, 0, 0, 'Jukebox script'),
('300001', 0, 409, 0, 62, 0, 100, 0, '50020'+38, 12, 0, 0, 4, 4434, 0, 0, 0, 0, 0, 1, 0, 0, 0, 0, 0, 0, 0, 'Jukebox script'),
('300001', 0, 410, 0, 62, 0, 100, 0, '50020'+6, 12, 0, 0, 4, 5294, 0, 0, 0, 0, 0, 1, 0, 0, 0, 0, 0, 0, 0, 'Jukebox script'),
('300001', 0, 411, 0, 62, 0, 100, 0, '50020'+5, 12, 0, 0, 4, 10896, 0, 0, 0, 0, 0, 1, 0, 0, 0, 0, 0, 0, 0, 'Jukebox script'),
('300001', 0, 412, 0, 62, 0, 100, 0, '50020'+4, 12, 0, 0, 4, 17486, 0, 0, 0, 0, 0, 1, 0, 0, 0, 0, 0, 0, 0, 'Jukebox script'),
('300001', 0, 413, 0, 62, 0, 100, 0, '50020'+37, 12, 0, 0, 4, 17303, 0, 0, 0, 0, 0, 1, 0, 0, 0, 0, 0, 0, 0, 'Jukebox script'),
('300001', 0, 414, 0, 62, 0, 100, 0, '50020'+2, 12, 0, 0, 4, 17289, 0, 0, 0, 0, 0, 1, 0, 0, 0, 0, 0, 0, 0, 'Jukebox script'),
('300001', 0, 415, 0, 62, 0, 100, 0, '50020'+1, 12, 0, 0, 4, 15870, 0, 0, 0, 0, 0, 1, 0, 0, 0, 0, 0, 0, 0, 'Jukebox script'),
('300001', 0, 416, 0, 62, 0, 100, 0, '50020'+45, 13, 0, 0, 4, 14846, 0, 0, 0, 0, 0, 1, 0, 0, 0, 0, 0, 0, 0, 'Jukebox script'),
('300001', 0, 417, 0, 62, 0, 100, 0, '50020'+33, 13, 0, 0, 4, 15060, 0, 0, 0, 0, 0, 1, 0, 0, 0, 0, 0, 0, 0, 'Jukebox script'),
('300001', 0, 418, 0, 62, 0, 100, 0, '50020'+44, 13, 0, 0, 4, 12134, 0, 0, 0, 0, 0, 1, 0, 0, 0, 0, 0, 0, 0, 'Jukebox script'),
('300001', 0, 419, 0, 62, 0, 100, 0, '50020'+34, 13, 0, 0, 4, 14853, 0, 0, 0, 0, 0, 1, 0, 0, 0, 0, 0, 0, 0, 'Jukebox script'),
('300001', 0, 420, 0, 62, 0, 100, 0, '50020'+43, 13, 0, 0, 4, 8952, 0, 0, 0, 0, 0, 1, 0, 0, 0, 0, 0, 0, 0, 'Jukebox script'),
('300001', 0, 421, 0, 62, 0, 100, 0, '50020'+42, 13, 0, 0, 4, 8953, 0, 0, 0, 0, 0, 1, 0, 0, 0, 0, 0, 0, 0, 'Jukebox script'),
('300001', 0, 422, 0, 62, 0, 100, 0, '50020'+41, 13, 0, 0, 4, 8748, 0, 0, 0, 0, 0, 1, 0, 0, 0, 0, 0, 0, 0, 'Jukebox script'),
('300001', 0, 423, 0, 62, 0, 100, 0, '50020'+40, 13, 0, 0, 4, 13375, 0, 0, 0, 0, 0, 1, 0, 0, 0, 0, 0, 0, 0, 'Jukebox script'),
('300001', 0, 424, 0, 62, 0, 100, 0, '50020'+32, 13, 0, 0, 4, 10162, 0, 0, 0, 0, 0, 1, 0, 0, 0, 0, 0, 0, 0, 'Jukebox script'),
('300001', 0, 425, 0, 62, 0, 100, 0, '50020'+31, 13, 0, 0, 4, 3820, 0, 0, 0, 0, 0, 1, 0, 0, 0, 0, 0, 0, 0, 'Jukebox script'),
('300001', 0, 426, 0, 62, 0, 100, 0, '50020'+29, 13, 0, 0, 4, 15065, 0, 0, 0, 0, 0, 1, 0, 0, 0, 0, 0, 0, 0, 'Jukebox script'),
('300001', 0, 427, 0, 62, 0, 100, 0, '50020'+24, 13, 0, 0, 4, 11710, 0, 0, 0, 0, 0, 1, 0, 0, 0, 0, 0, 0, 0, 'Jukebox script'),
('300001', 0, 428, 0, 62, 0, 100, 0, '50020'+22, 13, 0, 0, 4, 11652, 0, 0, 0, 0, 0, 1, 0, 0, 0, 0, 0, 0, 0, 'Jukebox script'),
('300001', 0, 429, 0, 62, 0, 100, 0, '50020'+11, 13, 0, 0, 4, 10885, 0, 0, 0, 0, 0, 1, 0, 0, 0, 0, 0, 0, 0, 'Jukebox script'),
('300001', 0, 430, 0, 62, 0, 100, 0, '50020'+7, 13, 0, 0, 4, 2540, 0, 0, 0, 0, 0, 1, 0, 0, 0, 0, 0, 0, 0, 'Jukebox script'),
('300001', 0, 431, 0, 62, 0, 100, 0, '50020'+38, 13, 0, 0, 4, 5354, 0, 0, 0, 0, 0, 1, 0, 0, 0, 0, 0, 0, 0, 'Jukebox script'),
('300001', 0, 432, 0, 62, 0, 100, 0, '50020'+6, 13, 0, 0, 4, 6837, 0, 0, 0, 0, 0, 1, 0, 0, 0, 0, 0, 0, 0, 'Jukebox script'),
('300001', 0, 433, 0, 62, 0, 100, 0, '50020'+5, 13, 0, 0, 4, 10925, 0, 0, 0, 0, 0, 1, 0, 0, 0, 0, 0, 0, 0, 'Jukebox script'),
('300001', 0, 434, 0, 62, 0, 100, 0, '50020'+4, 13, 0, 0, 4, 17487, 0, 0, 0, 0, 0, 1, 0, 0, 0, 0, 0, 0, 0, 'Jukebox script'),
('300001', 0, 435, 0, 62, 0, 100, 0, '50020'+37, 13, 0, 0, 4, 17294, 0, 0, 0, 0, 0, 1, 0, 0, 0, 0, 0, 0, 0, 'Jukebox script'),
('300001', 0, 436, 0, 62, 0, 100, 0, '50020'+2, 13, 0, 0, 4, 17346, 0, 0, 0, 0, 0, 1, 0, 0, 0, 0, 0, 0, 0, 'Jukebox script'),
('300001', 0, 437, 0, 62, 0, 100, 0, '50020'+45, 14, 0, 0, 4, 14845, 0, 0, 0, 0, 0, 1, 0, 0, 0, 0, 0, 0, 0, 'Jukebox script'),
('300001', 0, 438, 0, 62, 0, 100, 0, '50020'+33, 14, 0, 0, 4, 15058, 0, 0, 0, 0, 0, 1, 0, 0, 0, 0, 0, 0, 0, 'Jukebox script'),
('300001', 0, 439, 0, 62, 0, 100, 0, '50020'+44, 14, 0, 0, 4, 12135, 0, 0, 0, 0, 0, 1, 0, 0, 0, 0, 0, 0, 0, 'Jukebox script'),
('300001', 0, 440, 0, 62, 0, 100, 0, '50020'+34, 14, 0, 0, 4, 14848, 0, 0, 0, 0, 0, 1, 0, 0, 0, 0, 0, 0, 0, 'Jukebox script'),
('300001', 0, 441, 0, 62, 0, 100, 0, '50020'+43, 14, 0, 0, 4, 13875, 0, 0, 0, 0, 0, 1, 0, 0, 0, 0, 0, 0, 0, 'Jukebox script'),
('300001', 0, 442, 0, 62, 0, 100, 0, '50020'+42, 14, 0, 0, 4, 8954, 0, 0, 0, 0, 0, 1, 0, 0, 0, 0, 0, 0, 0, 'Jukebox script'),
('300001', 0, 443, 0, 62, 0, 100, 0, '50020'+41, 14, 0, 0, 4, 9048, 0, 0, 0, 0, 0, 1, 0, 0, 0, 0, 0, 0, 0, 'Jukebox script'),
('300001', 0, 444, 0, 62, 0, 100, 0, '50020'+40, 14, 0, 0, 4, 13376, 0, 0, 0, 0, 0, 1, 0, 0, 0, 0, 0, 0, 0, 'Jukebox script'),
('300001', 0, 445, 0, 62, 0, 100, 0, '50020'+32, 14, 0, 0, 4, 10141, 0, 0, 0, 0, 0, 1, 0, 0, 0, 0, 0, 0, 0, 'Jukebox script'),
('300001', 0, 446, 0, 62, 0, 100, 0, '50020'+31, 14, 0, 0, 4, 4209, 0, 0, 0, 0, 0, 1, 0, 0, 0, 0, 0, 0, 0, 'Jukebox script'),
('300001', 0, 447, 0, 62, 0, 100, 0, '50020'+29, 14, 0, 0, 4, 14997, 0, 0, 0, 0, 0, 1, 0, 0, 0, 0, 0, 0, 0, 'Jukebox script'),
('300001', 0, 448, 0, 62, 0, 100, 0, '50020'+24, 14, 0, 0, 4, 11700, 0, 0, 0, 0, 0, 1, 0, 0, 0, 0, 0, 0, 0, 'Jukebox script'),
('300001', 0, 449, 0, 62, 0, 100, 0, '50020'+22, 14, 0, 0, 4, 11653, 0, 0, 0, 0, 0, 1, 0, 0, 0, 0, 0, 0, 0, 'Jukebox script'),
('300001', 0, 450, 0, 62, 0, 100, 0, '50020'+11, 14, 0, 0, 4, 10613, 0, 0, 0, 0, 0, 1, 0, 0, 0, 0, 0, 0, 0, 'Jukebox script'),
('300001', 0, 451, 0, 62, 0, 100, 0, '50020'+7, 14, 0, 0, 4, 4754, 0, 0, 0, 0, 0, 1, 0, 0, 0, 0, 0, 0, 0, 'Jukebox script'),
('300001', 0, 452, 0, 62, 0, 100, 0, '50020'+38, 14, 0, 0, 4, 12137, 0, 0, 0, 0, 0, 1, 0, 0, 0, 0, 0, 0, 0, 'Jukebox script'),
('300001', 0, 453, 0, 62, 0, 100, 0, '50020'+6, 14, 0, 0, 4, 2541, 0, 0, 0, 0, 0, 1, 0, 0, 0, 0, 0, 0, 0, 'Jukebox script'),
('300001', 0, 454, 0, 62, 0, 100, 0, '50020'+5, 14, 0, 0, 4, 12765, 0, 0, 0, 0, 0, 1, 0, 0, 0, 0, 0, 0, 0, 'Jukebox script'),
('300001', 0, 455, 0, 62, 0, 100, 0, '50020'+4, 14, 0, 0, 4, 17485, 0, 0, 0, 0, 0, 1, 0, 0, 0, 0, 0, 0, 0, 'Jukebox script'),
('300001', 0, 456, 0, 62, 0, 100, 0, '50020'+37, 14, 0, 0, 4, 17313, 0, 0, 0, 0, 0, 1, 0, 0, 0, 0, 0, 0, 0, 'Jukebox script'),
('300001', 0, 457, 0, 62, 0, 100, 0, '50020'+2, 14, 0, 0, 4, 17283, 0, 0, 0, 0, 0, 1, 0, 0, 0, 0, 0, 0, 0, 'Jukebox script'),
('300001', 0, 458, 0, 62, 0, 100, 0, '50020'+45, 15, 0, 0, 4, 14850, 0, 0, 0, 0, 0, 1, 0, 0, 0, 0, 0, 0, 0, 'Jukebox script'),
('300001', 0, 459, 0, 62, 0, 100, 0, '50020'+44, 15, 0, 0, 4, 10726, 0, 0, 0, 0, 0, 1, 0, 0, 0, 0, 0, 0, 0, 'Jukebox script'),
('300001', 0, 460, 0, 62, 0, 100, 0, '50020'+34, 15, 0, 0, 4, 14851, 0, 0, 0, 0, 0, 1, 0, 0, 0, 0, 0, 0, 0, 'Jukebox script'),
('300001', 0, 461, 0, 62, 0, 100, 0, '50020'+43, 15, 0, 0, 4, 12755, 0, 0, 0, 0, 0, 1, 0, 0, 0, 0, 0, 0, 0, 'Jukebox script'),
('300001', 0, 462, 0, 62, 0, 100, 0, '50020'+42, 15, 0, 0, 4, 9984, 0, 0, 0, 0, 0, 1, 0, 0, 0, 0, 0, 0, 0, 'Jukebox script'),
('300001', 0, 463, 0, 62, 0, 100, 0, '50020'+41, 15, 0, 0, 4, 8749, 0, 0, 0, 0, 0, 1, 0, 0, 0, 0, 0, 0, 0, 'Jukebox script'),
('300001', 0, 464, 0, 62, 0, 100, 0, '50020'+40, 15, 0, 0, 4, 13377, 0, 0, 0, 0, 0, 1, 0, 0, 0, 0, 0, 0, 0, 'Jukebox script'),
('300001', 0, 465, 0, 62, 0, 100, 0, '50020'+32, 15, 0, 0, 4, 10140, 0, 0, 0, 0, 0, 1, 0, 0, 0, 0, 0, 0, 0, 'Jukebox script'),
('300001', 0, 466, 0, 62, 0, 100, 0, '50020'+29, 15, 0, 0, 4, 15062, 0, 0, 0, 0, 0, 1, 0, 0, 0, 0, 0, 0, 0, 'Jukebox script'),
('300001', 0, 467, 0, 62, 0, 100, 0, '50020'+24, 15, 0, 0, 4, 11719, 0, 0, 0, 0, 0, 1, 0, 0, 0, 0, 0, 0, 0, 'Jukebox script'),
('300001', 0, 468, 0, 62, 0, 100, 0, '50020'+22, 15, 0, 0, 4, 10731, 0, 0, 0, 0, 0, 1, 0, 0, 0, 0, 0, 0, 0, 'Jukebox script'),
('300001', 0, 469, 0, 62, 0, 100, 0, '50020'+11, 15, 0, 0, 4, 10607, 0, 0, 0, 0, 0, 1, 0, 0, 0, 0, 0, 0, 0, 'Jukebox script'),
('300001', 0, 470, 0, 62, 0, 100, 0, '50020'+7, 15, 0, 0, 4, 5394, 0, 0, 0, 0, 0, 1, 0, 0, 0, 0, 0, 0, 0, 'Jukebox script'),
('300001', 0, 471, 0, 62, 0, 100, 0, '50020'+38, 15, 0, 0, 4, 12329, 0, 0, 0, 0, 0, 1, 0, 0, 0, 0, 0, 0, 0, 'Jukebox script'),
('300001', 0, 472, 0, 62, 0, 100, 0, '50020'+6, 15, 0, 0, 4, 6734, 0, 0, 0, 0, 0, 1, 0, 0, 0, 0, 0, 0, 0, 'Jukebox script'),
('300001', 0, 473, 0, 62, 0, 100, 0, '50020'+5, 15, 0, 0, 4, 10924, 0, 0, 0, 0, 0, 1, 0, 0, 0, 0, 0, 0, 0, 'Jukebox script'),
('300001', 0, 474, 0, 62, 0, 100, 0, '50020'+4, 15, 0, 0, 4, 17673, 0, 0, 0, 0, 0, 1, 0, 0, 0, 0, 0, 0, 0, 'Jukebox script'),
('300001', 0, 475, 0, 62, 0, 100, 0, '50020'+37, 15, 0, 0, 4, 17314, 0, 0, 0, 0, 0, 1, 0, 0, 0, 0, 0, 0, 0, 'Jukebox script'),
('300001', 0, 476, 0, 62, 0, 100, 0, '50020'+2, 15, 0, 0, 4, 17285, 0, 0, 0, 0, 0, 1, 0, 0, 0, 0, 0, 0, 0, 'Jukebox script'),
('300001', 0, 477, 0, 62, 0, 100, 0, '50020'+45, 16, 0, 0, 4, 14849, 0, 0, 0, 0, 0, 1, 0, 0, 0, 0, 0, 0, 0, 'Jukebox script'),
('300001', 0, 478, 0, 62, 0, 100, 0, '50020'+44, 16, 0, 0, 4, 9149, 0, 0, 0, 0, 0, 1, 0, 0, 0, 0, 0, 0, 0, 'Jukebox script'),
('300001', 0, 479, 0, 62, 0, 100, 0, '50020'+34, 16, 0, 0, 4, 14852, 0, 0, 0, 0, 0, 1, 0, 0, 0, 0, 0, 0, 0, 'Jukebox script'),
('300001', 0, 480, 0, 62, 0, 100, 0, '50020'+43, 16, 0, 0, 4, 15295, 0, 0, 0, 0, 0, 1, 0, 0, 0, 0, 0, 0, 0, 'Jukebox script'),
('300001', 0, 481, 0, 62, 0, 100, 0, '50020'+42, 16, 0, 0, 4, 12772, 0, 0, 0, 0, 0, 1, 0, 0, 0, 0, 0, 0, 0, 'Jukebox script'),
('300001', 0, 482, 0, 62, 0, 100, 0, '50020'+41, 16, 0, 0, 4, 9049, 0, 0, 0, 0, 0, 1, 0, 0, 0, 0, 0, 0, 0, 'Jukebox script'),
('300001', 0, 483, 0, 62, 0, 100, 0, '50020'+40, 16, 0, 0, 4, 13378, 0, 0, 0, 0, 0, 1, 0, 0, 0, 0, 0, 0, 0, 'Jukebox script'),
('300001', 0, 484, 0, 62, 0, 100, 0, '50020'+32, 16, 0, 0, 4, 10142, 0, 0, 0, 0, 0, 1, 0, 0, 0, 0, 0, 0, 0, 'Jukebox script'),
('300001', 0, 485, 0, 62, 0, 100, 0, '50020'+29, 16, 0, 0, 4, 12565, 0, 0, 0, 0, 0, 1, 0, 0, 0, 0, 0, 0, 0, 'Jukebox script'),
('300001', 0, 486, 0, 62, 0, 100, 0, '50020'+24, 16, 0, 0, 4, 11711, 0, 0, 0, 0, 0, 1, 0, 0, 0, 0, 0, 0, 0, 'Jukebox script'),
('300001', 0, 487, 0, 62, 0, 100, 0, '50020'+22, 16, 0, 0, 4, 10769, 0, 0, 0, 0, 0, 1, 0, 0, 0, 0, 0, 0, 0, 'Jukebox script'),
('300001', 0, 488, 0, 62, 0, 100, 0, '50020'+11, 16, 0, 0, 4, 10702, 0, 0, 0, 0, 0, 1, 0, 0, 0, 0, 0, 0, 0, 'Jukebox script'),
('300001', 0, 489, 0, 62, 0, 100, 0, '50020'+7, 16, 0, 0, 4, 4755, 0, 0, 0, 0, 0, 1, 0, 0, 0, 0, 0, 0, 0, 'Jukebox script'),
('300001', 0, 490, 0, 62, 0, 100, 0, '50020'+38, 16, 0, 0, 4, 11805, 0, 0, 0, 0, 0, 1, 0, 0, 0, 0, 0, 0, 0, 'Jukebox script'),
('300001', 0, 491, 0, 62, 0, 100, 0, '50020'+6, 16, 0, 0, 4, 5055, 0, 0, 0, 0, 0, 1, 0, 0, 0, 0, 0, 0, 0, 'Jukebox script'),
('300001', 0, 492, 0, 62, 0, 100, 0, '50020'+4, 16, 0, 0, 4, 17675, 0, 0, 0, 0, 0, 1, 0, 0, 0, 0, 0, 0, 0, 'Jukebox script'),
('300001', 0, 493, 0, 62, 0, 100, 0, '50020'+37, 16, 0, 0, 4, 17299, 0, 0, 0, 0, 0, 1, 0, 0, 0, 0, 0, 0, 0, 'Jukebox script'),
('300001', 0, 494, 0, 62, 0, 100, 0, '50020'+2, 16, 0, 0, 4, 17279, 0, 0, 0, 0, 0, 1, 0, 0, 0, 0, 0, 0, 0, 'Jukebox script'),
('300001', 0, 495, 0, 62, 0, 100, 0, '50020'+45, 17, 0, 0, 4, 14878, 0, 0, 0, 0, 0, 1, 0, 0, 0, 0, 0, 0, 0, 'Jukebox script'),
('300001', 0, 496, 0, 62, 0, 100, 0, '50020'+34, 17, 0, 0, 4, 14844, 0, 0, 0, 0, 0, 1, 0, 0, 0, 0, 0, 0, 0, 'Jukebox script'),
('300001', 0, 497, 0, 62, 0, 100, 0, '50020'+43, 17, 0, 0, 4, 12752, 0, 0, 0, 0, 0, 1, 0, 0, 0, 0, 0, 0, 0, 'Jukebox script'),
('300001', 0, 498, 0, 62, 0, 100, 0, '50020'+41, 17, 0, 0, 4, 9906, 0, 0, 0, 0, 0, 1, 0, 0, 0, 0, 0, 0, 0, 'Jukebox script'),
('300001', 0, 499, 0, 62, 0, 100, 0, '50020'+42, 17, 0, 0, 4, 12554, 0, 0, 0, 0, 0, 1, 0, 0, 0, 0, 0, 0, 0, 'Jukebox script'),
('300001', 0, 500, 0, 62, 0, 100, 0, '50020'+40, 17, 0, 0, 4, 13379, 0, 0, 0, 0, 0, 1, 0, 0, 0, 0, 0, 0, 0, 'Jukebox script'),
('300001', 0, 501, 0, 62, 0, 100, 0, '50020'+32, 17, 0, 0, 4, 9126, 0, 0, 0, 0, 0, 1, 0, 0, 0, 0, 0, 0, 0, 'Jukebox script'),
('300001', 0, 502, 0, 62, 0, 100, 0, '50020'+29, 17, 0, 0, 4, 12566, 0, 0, 0, 0, 0, 1, 0, 0, 0, 0, 0, 0, 0, 'Jukebox script'),
('300001', 0, 503, 0, 62, 0, 100, 0, '50020'+24, 17, 0, 0, 4, 11723, 0, 0, 0, 0, 0, 1, 0, 0, 0, 0, 0, 0, 0, 'Jukebox script'),
('300001', 0, 504, 0, 62, 0, 100, 0, '50020'+11, 17, 0, 0, 4, 9785, 0, 0, 0, 0, 0, 1, 0, 0, 0, 0, 0, 0, 0, 'Jukebox script'),
('300001', 0, 505, 0, 62, 0, 100, 0, '50020'+7, 17, 0, 0, 4, 6836, 0, 0, 0, 0, 0, 1, 0, 0, 0, 0, 0, 0, 0, 'Jukebox script'),
('300001', 0, 506, 0, 62, 0, 100, 0, '50020'+38, 17, 0, 0, 4, 12328, 0, 0, 0, 0, 0, 1, 0, 0, 0, 0, 0, 0, 0, 'Jukebox script'),
('300001', 0, 507, 0, 62, 0, 100, 0, '50020'+6, 17, 0, 0, 4, 2902, 0, 0, 0, 0, 0, 1, 0, 0, 0, 0, 0, 0, 0, 'Jukebox script'),
('300001', 0, 508, 0, 62, 0, 100, 0, '50020'+4, 17, 0, 0, 4, 17676, 0, 0, 0, 0, 0, 1, 0, 0, 0, 0, 0, 0, 0, 'Jukebox script'),
('300001', 0, 509, 0, 62, 0, 100, 0, '50020'+37, 17, 0, 0, 4, 17300, 0, 0, 0, 0, 0, 1, 0, 0, 0, 0, 0, 0, 0, 'Jukebox script'),
('300001', 0, 510, 0, 62, 0, 100, 0, '50020'+2, 17, 0, 0, 4, 17282, 0, 0, 0, 0, 0, 1, 0, 0, 0, 0, 0, 0, 0, 'Jukebox script'),
('300001', 0, 511, 0, 62, 0, 100, 0, '50020'+45, 18, 0, 0, 4, 17275, 0, 0, 0, 0, 0, 1, 0, 0, 0, 0, 0, 0, 0, 'Jukebox script'),
('300001', 0, 512, 0, 62, 0, 100, 0, '50020'+34, 18, 0, 0, 4, 14870, 0, 0, 0, 0, 0, 1, 0, 0, 0, 0, 0, 0, 0, 'Jukebox script'),
('300001', 0, 513, 0, 62, 0, 100, 0, '50020'+43, 18, 0, 0, 4, 4205, 0, 0, 0, 0, 0, 1, 0, 0, 0, 0, 0, 0, 0, 'Jukebox script'),
('300001', 0, 514, 0, 62, 0, 100, 0, '50020'+41, 18, 0, 0, 4, 4174, 0, 0, 0, 0, 0, 1, 0, 0, 0, 0, 0, 0, 0, 'Jukebox script'),
('300001', 0, 515, 0, 62, 0, 100, 0, '50020'+42, 18, 0, 0, 4, 12753, 0, 0, 0, 0, 0, 1, 0, 0, 0, 0, 0, 0, 0, 'Jukebox script'),
('300001', 0, 516, 0, 62, 0, 100, 0, '50020'+40, 18, 0, 0, 4, 10819, 0, 0, 0, 0, 0, 1, 0, 0, 0, 0, 0, 0, 0, 'Jukebox script'),
('300001', 0, 517, 0, 62, 0, 100, 0, '50020'+32, 18, 0, 0, 4, 9127, 0, 0, 0, 0, 0, 1, 0, 0, 0, 0, 0, 0, 0, 'Jukebox script'),
('300001', 0, 518, 0, 62, 0, 100, 0, '50020'+39, 18, 0, 0, 4, 10849, 0, 0, 0, 0, 0, 1, 0, 0, 0, 0, 0, 0, 0, 'Jukebox script'),
('300001', 0, 519, 0, 62, 0, 100, 0, '50020'+24, 18, 0, 0, 4, 11708, 0, 0, 0, 0, 0, 1, 0, 0, 0, 0, 0, 0, 0, 'Jukebox script'),
('300001', 0, 520, 0, 62, 0, 100, 0, '50020'+11, 18, 0, 0, 4, 10864, 0, 0, 0, 0, 0, 1, 0, 0, 0, 0, 0, 0, 0, 'Jukebox script'),
('300001', 0, 521, 0, 62, 0, 100, 0, '50020'+7, 18, 0, 0, 4, 7082, 0, 0, 0, 0, 0, 1, 0, 0, 0, 0, 0, 0, 0, 'Jukebox script'),
('300001', 0, 522, 0, 62, 0, 100, 0, '50020'+38, 18, 0, 0, 4, 12136, 0, 0, 0, 0, 0, 1, 0, 0, 0, 0, 0, 0, 0, 'Jukebox script'),
('300001', 0, 523, 0, 62, 0, 100, 0, '50020'+6, 18, 0, 0, 4, 6081, 0, 0, 0, 0, 0, 1, 0, 0, 0, 0, 0, 0, 0, 'Jukebox script'),
('300001', 0, 524, 0, 62, 0, 100, 0, '50020'+4, 18, 0, 0, 4, 17677, 0, 0, 0, 0, 0, 1, 0, 0, 0, 0, 0, 0, 0, 'Jukebox script'),
('300001', 0, 525, 0, 62, 0, 100, 0, '50020'+37, 18, 0, 0, 4, 17295, 0, 0, 0, 0, 0, 1, 0, 0, 0, 0, 0, 0, 0, 'Jukebox script'),
('300001', 0, 526, 0, 62, 0, 100, 0, '50020'+2, 18, 0, 0, 4, 17290, 0, 0, 0, 0, 0, 1, 0, 0, 0, 0, 0, 0, 0, 'Jukebox script'),
('300001', 0, 527, 0, 62, 0, 100, 0, '50020'+45, 19, 0, 0, 4, 14871, 0, 0, 0, 0, 0, 1, 0, 0, 0, 0, 0, 0, 0, 'Jukebox script'),
('300001', 0, 528, 0, 62, 0, 100, 0, '50020'+34, 19, 0, 0, 4, 14855, 0, 0, 0, 0, 0, 1, 0, 0, 0, 0, 0, 0, 0, 'Jukebox script'),
('300001', 0, 529, 0, 62, 0, 100, 0, '50020'+43, 19, 0, 0, 4, 4206, 0, 0, 0, 0, 0, 1, 0, 0, 0, 0, 0, 0, 0, 'Jukebox script'),
('300001', 0, 530, 0, 62, 0, 100, 0, '50020'+41, 19, 0, 0, 4, 12546, 0, 0, 0, 0, 0, 1, 0, 0, 0, 0, 0, 0, 0, 'Jukebox script'),
('300001', 0, 531, 0, 62, 0, 100, 0, '50020'+42, 19, 0, 0, 4, 4187, 0, 0, 0, 0, 0, 1, 0, 0, 0, 0, 0, 0, 0, 'Jukebox script'),
('300001', 0, 532, 0, 62, 0, 100, 0, '50020'+40, 19, 0, 0, 4, 4172, 0, 0, 0, 0, 0, 1, 0, 0, 0, 0, 0, 0, 0, 'Jukebox script'),
('300001', 0, 533, 0, 62, 0, 100, 0, '50020'+32, 19, 0, 0, 4, 9990, 0, 0, 0, 0, 0, 1, 0, 0, 0, 0, 0, 0, 0, 'Jukebox script'),
('300001', 0, 534, 0, 62, 0, 100, 0, '50020'+39, 19, 0, 0, 4, 15061, 0, 0, 0, 0, 0, 1, 0, 0, 0, 0, 0, 0, 0, 'Jukebox script'),
('300001', 0, 535, 0, 62, 0, 100, 0, '50020'+24, 19, 0, 0, 4, 11727, 0, 0, 0, 0, 0, 1, 0, 0, 0, 0, 0, 0, 0, 'Jukebox script'),
('300001', 0, 536, 0, 62, 0, 100, 0, '50020'+11, 19, 0, 0, 4, 10707, 0, 0, 0, 0, 0, 1, 0, 0, 0, 0, 0, 0, 0, 'Jukebox script'),
('300001', 0, 537, 0, 62, 0, 100, 0, '50020'+38, 19, 0, 0, 4, 4516, 0, 0, 0, 0, 0, 1, 0, 0, 0, 0, 0, 0, 0, 'Jukebox script'),
('300001', 0, 538, 0, 62, 0, 100, 0, '50020'+6, 19, 0, 0, 4, 6146, 0, 0, 0, 0, 0, 1, 0, 0, 0, 0, 0, 0, 0, 'Jukebox script'),
('300001', 0, 539, 0, 62, 0, 100, 0, '50020'+37, 19, 0, 0, 4, 17296, 0, 0, 0, 0, 0, 1, 0, 0, 0, 0, 0, 0, 0, 'Jukebox script'),
('300001', 0, 540, 0, 62, 0, 100, 0, '50020'+2, 19, 0, 0, 4, 17319, 0, 0, 0, 0, 0, 1, 0, 0, 0, 0, 0, 0, 0, 'Jukebox script'),
('300001', 0, 541, 0, 62, 0, 100, 0, '50020', 19, 0, 0, 4, 18019, 0, 0, 0, 0, 0, 1, 0, 0, 0, 0, 0, 0, 0, 'Jukebox script'),
('300001', 0, 542, 0, 62, 0, 100, 0, '50020'+45, 20, 0, 0, 4, 14856, 0, 0, 0, 0, 0, 1, 0, 0, 0, 0, 0, 0, 0, 'Jukebox script'),
('300001', 0, 543, 0, 62, 0, 100, 0, '50020'+34, 20, 0, 0, 4, 14873, 0, 0, 0, 0, 0, 1, 0, 0, 0, 0, 0, 0, 0, 'Jukebox script'),
('300001', 0, 544, 0, 62, 0, 100, 0, '50020'+43, 20, 0, 0, 4, 4207, 0, 0, 0, 0, 0, 1, 0, 0, 0, 0, 0, 0, 0, 'Jukebox script'),
('300001', 0, 545, 0, 62, 0, 100, 0, '50020'+41, 20, 0, 0, 4, 12776, 0, 0, 0, 0, 0, 1, 0, 0, 0, 0, 0, 0, 0, 'Jukebox script'),
('300001', 0, 546, 0, 62, 0, 100, 0, '50020'+42, 20, 0, 0, 4, 4188, 0, 0, 0, 0, 0, 1, 0, 0, 0, 0, 0, 0, 0, 'Jukebox script'),
('300001', 0, 547, 0, 62, 0, 100, 0, '50020'+40, 20, 0, 0, 4, 4173, 0, 0, 0, 0, 0, 1, 0, 0, 0, 0, 0, 0, 0, 'Jukebox script'),
('300001', 0, 548, 0, 62, 0, 100, 0, '50020'+32, 20, 0, 0, 4, 12547, 0, 0, 0, 0, 0, 1, 0, 0, 0, 0, 0, 0, 0, 'Jukebox script'),
('300001', 0, 549, 0, 62, 0, 100, 0, '50020'+39, 20, 0, 0, 4, 15086, 0, 0, 0, 0, 0, 1, 0, 0, 0, 0, 0, 0, 0, 'Jukebox script'),
('300001', 0, 550, 0, 62, 0, 100, 0, '50020'+24, 20, 0, 0, 4, 11726, 0, 0, 0, 0, 0, 1, 0, 0, 0, 0, 0, 0, 0, 'Jukebox script'),
('300001', 0, 551, 0, 62, 0, 100, 0, '50020'+38, 20, 0, 0, 4, 5234, 0, 0, 0, 0, 0, 1, 0, 0, 0, 0, 0, 0, 0, 'Jukebox script'),
('300001', 0, 552, 0, 62, 0, 100, 0, '50020'+6, 20, 0, 0, 4, 2901, 0, 0, 0, 0, 0, 1, 0, 0, 0, 0, 0, 0, 0, 'Jukebox script'),
('300001', 0, 553, 0, 62, 0, 100, 0, '50020'+37, 20, 0, 0, 4, 17297, 0, 0, 0, 0, 0, 1, 0, 0, 0, 0, 0, 0, 0, 'Jukebox script'),
('300001', 0, 554, 0, 62, 0, 100, 0, '50020'+2, 20, 0, 0, 4, 17278, 0, 0, 0, 0, 0, 1, 0, 0, 0, 0, 0, 0, 0, 'Jukebox script'),
('300001', 0, 555, 0, 62, 0, 100, 0, '50020'+45, 21, 0, 0, 4, 14857, 0, 0, 0, 0, 0, 1, 0, 0, 0, 0, 0, 0, 0, 'Jukebox script'),
('300001', 0, 556, 0, 62, 0, 100, 0, '50020'+34, 21, 0, 0, 4, 14872, 0, 0, 0, 0, 0, 1, 0, 0, 0, 0, 0, 0, 0, 'Jukebox script'),
('300001', 0, 557, 0, 62, 0, 100, 0, '50020'+43, 21, 0, 0, 4, 4208, 0, 0, 0, 0, 0, 1, 0, 0, 0, 0, 0, 0, 0, 'Jukebox script'),
('300001', 0, 558, 0, 62, 0, 100, 0, '50020'+41, 21, 0, 0, 4, 12557, 0, 0, 0, 0, 0, 1, 0, 0, 0, 0, 0, 0, 0, 'Jukebox script'),
('300001', 0, 559, 0, 62, 0, 100, 0, '50020'+42, 21, 0, 0, 4, 4189, 0, 0, 0, 0, 0, 1, 0, 0, 0, 0, 0, 0, 0, 'Jukebox script'),
('300001', 0, 560, 0, 62, 0, 100, 0, '50020'+40, 21, 0, 0, 4, 9908, 0, 0, 0, 0, 0, 1, 0, 0, 0, 0, 0, 0, 0, 'Jukebox script'),
('300001', 0, 561, 0, 62, 0, 100, 0, '50020'+32, 21, 0, 0, 4, 12555, 0, 0, 0, 0, 0, 1, 0, 0, 0, 0, 0, 0, 0, 'Jukebox script'),
('300001', 0, 562, 0, 62, 0, 100, 0, '50020'+39, 21, 0, 0, 4, 15082, 0, 0, 0, 0, 0, 1, 0, 0, 0, 0, 0, 0, 0, 'Jukebox script'),
('300001', 0, 563, 0, 62, 0, 100, 0, '50020'+24, 21, 0, 0, 4, 11728, 0, 0, 0, 0, 0, 1, 0, 0, 0, 0, 0, 0, 0, 'Jukebox script'),
('300001', 0, 564, 0, 62, 0, 100, 0, '50020'+38, 21, 0, 0, 4, 5355, 0, 0, 0, 0, 0, 1, 0, 0, 0, 0, 0, 0, 0, 'Jukebox script'),
('300001', 0, 565, 0, 62, 0, 100, 0, '50020'+6, 21, 0, 0, 4, 3402, 0, 0, 0, 0, 0, 1, 0, 0, 0, 0, 0, 0, 0, 'Jukebox script'),
('300001', 0, 566, 0, 62, 0, 100, 0, '50020'+37, 21, 0, 0, 4, 17298, 0, 0, 0, 0, 0, 1, 0, 0, 0, 0, 0, 0, 0, 'Jukebox script'),
('300001', 0, 567, 0, 62, 0, 100, 0, '50020'+2, 21, 0, 0, 4, 17312, 0, 0, 0, 0, 0, 1, 0, 0, 0, 0, 0, 0, 0, 'Jukebox script'),
('300001', 0, 568, 0, 62, 0, 100, 0, '50020'+45, 22, 0, 0, 4, 14865, 0, 0, 0, 0, 0, 1, 0, 0, 0, 0, 0, 0, 0, 'Jukebox script'),
('300001', 0, 569, 0, 62, 0, 100, 0, '50020'+34, 22, 0, 0, 4, 14874, 0, 0, 0, 0, 0, 1, 0, 0, 0, 0, 0, 0, 0, 'Jukebox script'),
('300001', 0, 570, 0, 62, 0, 100, 0, '50020'+43, 22, 0, 0, 4, 4200, 0, 0, 0, 0, 0, 1, 0, 0, 0, 0, 0, 0, 0, 'Jukebox script'),
('300001', 0, 571, 0, 62, 0, 100, 0, '50020'+41, 22, 0, 0, 4, 12778, 0, 0, 0, 0, 0, 1, 0, 0, 0, 0, 0, 0, 0, 'Jukebox script'),
('300001', 0, 572, 0, 62, 0, 100, 0, '50020'+42, 22, 0, 0, 4, 4190, 0, 0, 0, 0, 0, 1, 0, 0, 0, 0, 0, 0, 0, 'Jukebox script'),
('300001', 0, 573, 0, 62, 0, 100, 0, '50020'+40, 22, 0, 0, 4, 8472, 0, 0, 0, 0, 0, 1, 0, 0, 0, 0, 0, 0, 0, 'Jukebox script'),
('300001', 0, 574, 0, 62, 0, 100, 0, '50020'+32, 22, 0, 0, 4, 4166, 0, 0, 0, 0, 0, 1, 0, 0, 0, 0, 0, 0, 0, 'Jukebox script'),
('300001', 0, 575, 0, 62, 0, 100, 0, '50020'+39, 22, 0, 0, 4, 15089, 0, 0, 0, 0, 0, 1, 0, 0, 0, 0, 0, 0, 0, 'Jukebox script'),
('300001', 0, 576, 0, 62, 0, 100, 0, '50020'+24, 22, 0, 0, 4, 11730, 0, 0, 0, 0, 0, 1, 0, 0, 0, 0, 0, 0, 0, 'Jukebox script'),
('300001', 0, 577, 0, 62, 0, 100, 0, '50020'+38, 22, 0, 0, 4, 11806, 0, 0, 0, 0, 0, 1, 0, 0, 0, 0, 0, 0, 0, 'Jukebox script'),
('300001', 0, 578, 0, 62, 0, 100, 0, '50020'+37, 22, 0, 0, 4, 17304, 0, 0, 0, 0, 0, 1, 0, 0, 0, 0, 0, 0, 0, 'Jukebox script'),
('300001', 0, 579, 0, 62, 0, 100, 0, '50020'+2, 22, 0, 0, 4, 17311, 0, 0, 0, 0, 0, 1, 0, 0, 0, 0, 0, 0, 0, 'Jukebox script'),
('300001', 0, 580, 0, 62, 0, 100, 0, '50020'+45, 23, 0, 0, 4, 14862, 0, 0, 0, 0, 0, 1, 0, 0, 0, 0, 0, 0, 0, 'Jukebox script'),
('300001', 0, 581, 0, 62, 0, 100, 0, '50020'+34, 23, 0, 0, 4, 14858, 0, 0, 0, 0, 0, 1, 0, 0, 0, 0, 0, 0, 0, 'Jukebox script'),
('300001', 0, 582, 0, 62, 0, 100, 0, '50020'+43, 23, 0, 0, 4, 4201, 0, 0, 0, 0, 0, 1, 0, 0, 0, 0, 0, 0, 0, 'Jukebox script'),
('300001', 0, 583, 0, 62, 0, 100, 0, '50020'+41, 23, 0, 0, 4, 12777, 0, 0, 0, 0, 0, 1, 0, 0, 0, 0, 0, 0, 0, 'Jukebox script'),
('300001', 0, 584, 0, 62, 0, 100, 0, '50020'+42, 23, 0, 0, 4, 4191, 0, 0, 0, 0, 0, 1, 0, 0, 0, 0, 0, 0, 0, 'Jukebox script'),
('300001', 0, 585, 0, 62, 0, 100, 0, '50020'+40, 23, 0, 0, 4, 8471, 0, 0, 0, 0, 0, 1, 0, 0, 0, 0, 0, 0, 0, 'Jukebox script'),
('300001', 0, 586, 0, 62, 0, 100, 0, '50020'+32, 23, 0, 0, 4, 9905, 0, 0, 0, 0, 0, 1, 0, 0, 0, 0, 0, 0, 0, 'Jukebox script'),
('300001', 0, 587, 0, 62, 0, 100, 0, '50020'+39, 23, 0, 0, 4, 15093, 0, 0, 0, 0, 0, 1, 0, 0, 0, 0, 0, 0, 0, 'Jukebox script'),
('300001', 0, 588, 0, 62, 0, 100, 0, '50020'+24, 23, 0, 0, 4, 11717, 0, 0, 0, 0, 0, 1, 0, 0, 0, 0, 0, 0, 0, 'Jukebox script'),
('300001', 0, 589, 0, 62, 0, 100, 0, '50020'+37, 23, 0, 0, 4, 17305, 0, 0, 0, 0, 0, 1, 0, 0, 0, 0, 0, 0, 0, 'Jukebox script'),
('300001', 0, 590, 0, 62, 0, 100, 0, '50020'+2, 23, 0, 0, 4, 17288, 0, 0, 0, 0, 0, 1, 0, 0, 0, 0, 0, 0, 0, 'Jukebox script'),
('300001', 0, 591, 0, 62, 0, 100, 0, '50020'+45, 24, 0, 0, 4, 14861, 0, 0, 0, 0, 0, 1, 0, 0, 0, 0, 0, 0, 0, 'Jukebox script'),
('300001', 0, 592, 0, 62, 0, 100, 0, '50020'+34, 24, 0, 0, 4, 14859, 0, 0, 0, 0, 0, 1, 0, 0, 0, 0, 0, 0, 0, 'Jukebox script'),
('300001', 0, 593, 0, 62, 0, 100, 0, '50020'+43, 24, 0, 0, 4, 12754, 0, 0, 0, 0, 0, 1, 0, 0, 0, 0, 0, 0, 0, 'Jukebox script'),
('300001', 0, 594, 0, 62, 0, 100, 0, '50020'+41, 24, 0, 0, 4, 8956, 0, 0, 0, 0, 0, 1, 0, 0, 0, 0, 0, 0, 0, 'Jukebox script'),
('300001', 0, 595, 0, 62, 0, 100, 0, '50020'+42, 24, 0, 0, 4, 4192, 0, 0, 0, 0, 0, 1, 0, 0, 0, 0, 0, 0, 0, 'Jukebox script'),
('300001', 0, 596, 0, 62, 0, 100, 0, '50020'+40, 24, 0, 0, 4, 4170, 0, 0, 0, 0, 0, 1, 0, 0, 0, 0, 0, 0, 0, 'Jukebox script'),
('300001', 0, 597, 0, 62, 0, 100, 0, '50020'+32, 24, 0, 0, 4, 4167, 0, 0, 0, 0, 0, 1, 0, 0, 0, 0, 0, 0, 0, 'Jukebox script'),
('300001', 0, 598, 0, 62, 0, 100, 0, '50020'+39, 24, 0, 0, 4, 15084, 0, 0, 0, 0, 0, 1, 0, 0, 0, 0, 0, 0, 0, 'Jukebox script'),
('300001', 0, 599, 0, 62, 0, 100, 0, '50020'+24, 24, 0, 0, 4, 11721, 0, 0, 0, 0, 0, 1, 0, 0, 0, 0, 0, 0, 0, 'Jukebox script'),
('300001', 0, 600, 0, 62, 0, 100, 0, '50020'+45, 25, 0, 0, 4, 14860, 0, 0, 0, 0, 0, 1, 0, 0, 0, 0, 0, 0, 0, 'Jukebox script'),
('300001', 0, 601, 0, 62, 0, 100, 0, '50020'+43, 25, 0, 0, 4, 9148, 0, 0, 0, 0, 0, 1, 0, 0, 0, 0, 0, 0, 0, 'Jukebox script'),
('300001', 0, 602, 0, 62, 0, 100, 0, '50020'+41, 25, 0, 0, 4, 12757, 0, 0, 0, 0, 0, 1, 0, 0, 0, 0, 0, 0, 0, 'Jukebox script'),
('300001', 0, 603, 0, 62, 0, 100, 0, '50020'+42, 25, 0, 0, 4, 8695, 0, 0, 0, 0, 0, 1, 0, 0, 0, 0, 0, 0, 0, 'Jukebox script'),
('300001', 0, 604, 0, 62, 0, 100, 0, '50020'+40, 25, 0, 0, 4, 4171, 0, 0, 0, 0, 0, 1, 0, 0, 0, 0, 0, 0, 0, 'Jukebox script'),
('300001', 0, 605, 0, 62, 0, 100, 0, '50020'+32, 25, 0, 0, 4, 12763, 0, 0, 0, 0, 0, 1, 0, 0, 0, 0, 0, 0, 0, 'Jukebox script'),
('300001', 0, 606, 0, 62, 0, 100, 0, '50020'+39, 25, 0, 0, 4, 12533, 0, 0, 0, 0, 0, 1, 0, 0, 0, 0, 0, 0, 0, 'Jukebox script'),
('300001', 0, 607, 0, 62, 0, 100, 0, '50020'+24, 25, 0, 0, 4, 11725, 0, 0, 0, 0, 0, 1, 0, 0, 0, 0, 0, 0, 0, 'Jukebox script'),
('300001', 0, 608, 0, 62, 0, 100, 0, '50020'+43, 26, 0, 0, 4, 9996, 0, 0, 0, 0, 0, 1, 0, 0, 0, 0, 0, 0, 0, 'Jukebox script'),
('300001', 0, 609, 0, 62, 0, 100, 0, '50020'+39, 26, 0, 0, 4, 12532, 0, 0, 0, 0, 0, 1, 0, 0, 0, 0, 0, 0, 0, 'Jukebox script'),
('300001', 0, 610, 0, 62, 0, 100, 0, '50020'+24, 26, 0, 0, 4, 11722, 0, 0, 0, 0, 0, 1, 0, 0, 0, 0, 0, 0, 0, 'Jukebox script'),
('300001', 0, 611, 0, 62, 0, 100, 0, '50020'+43, 27, 0, 0, 4, 9997, 0, 0, 0, 0, 0, 1, 0, 0, 0, 0, 0, 0, 0, 'Jukebox script'),
('300001', 0, 612, 0, 62, 0, 100, 0, '50020'+39, 27, 0, 0, 4, 12536, 0, 0, 0, 0, 0, 1, 0, 0, 0, 0, 0, 0, 0, 'Jukebox script'),
('300001', 0, 613, 0, 62, 0, 100, 0, '50020'+24, 27, 0, 0, 4, 11724, 0, 0, 0, 0, 0, 1, 0, 0, 0, 0, 0, 0, 0, 'Jukebox script'),
('300001', 0, 614, 0, 62, 0, 100, 0, '50020'+43, 28, 0, 0, 4, 12688, 0, 0, 0, 0, 0, 1, 0, 0, 0, 0, 0, 0, 0, 'Jukebox script'),
('300001', 0, 615, 0, 62, 0, 100, 0, '50020'+39, 28, 0, 0, 4, 12537, 0, 0, 0, 0, 0, 1, 0, 0, 0, 0, 0, 0, 0, 'Jukebox script'),
('300001', 0, 616, 0, 62, 0, 100, 0, '50020'+43, 29, 0, 0, 4, 12689, 0, 0, 0, 0, 0, 1, 0, 0, 0, 0, 0, 0, 0, 'Jukebox script'),
('300001', 0, 617, 0, 62, 0, 100, 0, '50020'+39, 29, 0, 0, 4, 12535, 0, 0, 0, 0, 0, 1, 0, 0, 0, 0, 0, 0, 0, 'Jukebox script'),
('300001', 0, 618, 0, 62, 0, 100, 0, '50020'+39, 30, 0, 0, 4, 15088, 0, 0, 0, 0, 0, 1, 0, 0, 0, 0, 0, 0, 0, 'Jukebox script'),
('300001', 0, 619, 0, 62, 0, 100, 0, '50020'+39, 31, 0, 0, 4, 15083, 0, 0, 0, 0, 0, 1, 0, 0, 0, 0, 0, 0, 0, 'Jukebox script'),
('300001', 0, 620, 0, 62, 0, 100, 0, '50020'+39, 32, 0, 0, 4, 15094, 0, 0, 0, 0, 0, 1, 0, 0, 0, 0, 0, 0, 0, 'Jukebox script'),
('300001', 0, 621, 0, 62, 0, 100, 0, '50020'+39, 33, 0, 0, 4, 15087, 0, 0, 0, 0, 0, 1, 0, 0, 0, 0, 0, 0, 0, 'Jukebox script'),
('300001', 0, 622, 0, 62, 0, 100, 0, '50020'+39, 34, 0, 0, 4, 15085, 0, 0, 0, 0, 0, 1, 0, 0, 0, 0, 0, 0, 0, 'Jukebox script'),
('300001', 0, 623, 0, 62, 0, 100, 0, '50020'+39, 35, 0, 0, 4, 15092, 0, 0, 0, 0, 0, 1, 0, 0, 0, 0, 0, 0, 0, 'Jukebox script'),
('300001', 0, 624, 0, 62, 0, 100, 0, '50020'+39, 36, 0, 0, 4, 15090, 0, 0, 0, 0, 0, 1, 0, 0, 0, 0, 0, 0, 0, 'Jukebox script'),
('300001', 0, 625, 0, 62, 0, 100, 0, '50020', 1, 0, 0, 68, 1, 0, 0, 0, 0, 0, 0, 0, 0, 0, 0, 0, 0, 0, 'Jukebox script'),
('300001', 0, 626, 0, 62, 0, 100, 0, '50020', 2, 0, 0, 68, 2, 0, 0, 0, 0, 0, 0, 0, 0, 0, 0, 0, 0, 0, 'Jukebox script'),
('300001', 0, 627, 0, 62, 0, 100, 0, '50020', 3, 0, 0, 68, 14, 0, 0, 0, 0, 0, 0, 0, 0, 0, 0, 0, 0, 0, 'Jukebox script'),
('300001', 0, 628, 0, 62, 0, 100, 0, '50020', 4, 0, 0, 68, 16, 0, 0, 0, 0, 0, 0, 0, 0, 0, 0, 0, 0, 0, 'Jukebox script');